InChI,InChIKey,SMILES,Synonyms,PUBCHEM_CID,Molecular formula,Major Isotope Mass,ALogP,Lipinski_Violations,Insecticide_Likeness_Violations,Post_Em_Herbicide_Likeness_Violations,Metabolite ID,cdk:Title,Reaction,Reaction ID,Enzyme(s),Biosystem,Precursor ID,Precursor SMILES,Precursor InChI,Precursor InChIKey,Precursor ALogP,Precursor Major Isotope Mass
"InChI=1S/C18H19F13O10/c19-13(20,14(21,22)15(23,24)16(25,26)17(27,28)18(29,30)31)1-2-38-3-4-39-5-6(32)40-12-9(35)7(33)8(34)10(41-12)11(36)37/h7-10,12,33-35H,1-5H2,(H,36,37)",ITCDGIUERFAWLH-UHFFFAOYSA-N,FC(F)(C(F)(C(F)(C(F)(C(F)(C(F)(CCOCCOCC(OC1OC(C(O)C(O)C1O)C(O)=O)=O)F)F)F)F)F)F,,,C18H19F13O10,642.077063668,1.6146000000000011,1,2,2,BTM00001,BTM00001,O-Glucuronidation of aliphatic acid,BTMR0167,Bacterial UDP-glucuronosyltransferase,GUTMICRO,,FC(F)(C(F)(C(F)(C(F)(C(F)(C(F)(CCOCCOCC(O)=O)F)F)F)F)F)F,"InChI=1S/C12H11F13O4/c13-7(14,1-2-28-3-4-29-5-6(26)27)8(15,16)9(17,18)10(19,20)11(21,22)12(23,24)25/h1-5H2,(H,26,27)",DPCYXDIFXSLMQZ-UHFFFAOYSA-N,,466.0449
InChI,InChIKey,SMILES,Synonyms,PUBCHEM_CID,Molecular formula,Major Isotope Mass,ALogP,Lipinski_Violations,Insecticide_Likeness_Violations,Post_Em_Herbicide_Likeness_Violations,Metabolite ID,cdk:Title,Reaction,Reaction ID,Enzyme(s),Biosystem,Precursor ID,Precursor SMILES,Precursor InChI,Precursor InChIKey,Precursor ALogP,Precursor Major Isotope Mass
"InChI=1S/C20H19F17O10/c21-13(22,14(23,24)15(25,26)16(27,28)17(29,30)18(31,32)19(33,34)20(35,36)37)1-2-44-3-4-45-5-6(38)46-12-9(41)7(39)8(40)10(47-12)11(42)43/h7-10,12,39-41H,1-5H2,(H,42,43)",IOWNEYWTRMXVSB-UHFFFAOYSA-N,FC(F)(C(F)(C(F)(C(F)(C(F)(C(F)(C(F)(C(F)(CCOCCOCC(OC1OC(C(O)C(O)C1O)C(O)=O)=O)F)F)F)F)F)F)F)F,,,C20H19F17O10,742.0706765479999,2.597800000000002,2,2,2,BTM00001,BTM00001,O-Glucuronidation of aliphatic acid,BTMR0167,Bacterial UDP-glucuronosyltransferase,GUTMICRO,,FC(F)(C(F)(C(F)(C(F)(C(F)(C(F)(C(F)(C(F)(CCOCCOCC(O)=O)F)F)F)F)F)F)F)F,"InChI=1S/C14H11F17O4/c15-7(16,1-2-34-3-4-35-5-6(32)33)8(17,18)9(19,20)10(21,22)11(23,24)12(25,26)13(27,28)14(29,30)31/h1-5H2,(H,32,33)",NBOGUPNUTCFENI-UHFFFAOYSA-N,,566.0385
InChI,InChIKey,SMILES,Synonyms,PUBCHEM_CID,Molecular formula,Major Isotope Mass,ALogP,Lipinski_Violations,Insecticide_Likeness_Violations,Post_Em_Herbicide_Likeness_Violations,Metabolite ID,cdk:Title,Reaction,Reaction ID,Enzyme(s),Biosystem,Precursor ID,Precursor SMILES,Precursor InChI,Precursor InChIKey,Precursor ALogP,Precursor Major Isotope Mass
"InChI=1S/C22H19F21O10/c23-13(24,1-2-50-3-4-51-5-6(44)52-12-9(47)7(45)8(46)10(53-12)11(48)49)14(25,26)15(27,28)16(29,30)17(31,32)18(33,34)19(35,36)20(37,38)21(39,40)22(41,42)43/h7-10,12,45-47H,1-5H2,(H,48,49)",DUIINGVHWKQBMX-UHFFFAOYSA-N,FC(F)(C(F)(C(F)(C(F)(C(F)(C(F)(C(F)(C(F)(C(F)(C(F)(CCOCCOCC(OC1OC(C(O)C(O)C1O)C(O)=O)=O)F)F)F)F)F)F)F)F)F)F,,,C22H19F21O10,842.0642894279999,3.5810000000000017,2,2,2,BTM00001,BTM00001,O-Glucuronidation of aliphatic acid,BTMR0167,Bacterial UDP-glucuronosyltransferase,GUTMICRO,,FC(F)(C(F)(C(F)(C(F)(C(F)(C(F)(C(F)(C(F)(C(F)(C(F)(CCOCCOCC(O)=O)F)F)F)F)F)F)F)F)F)F,"InChI=1S/C16H11F21O4/c17-7(18,1-2-40-3-4-41-5-6(38)39)8(19,20)9(21,22)10(23,24)11(25,26)12(27,28)13(29,30)14(31,32)15(33,34)16(35,36)37/h1-5H2,(H,38,39)",CEMDWQYQKLEJMU-UHFFFAOYSA-N,,666.0322
InChI,InChIKey,SMILES,Synonyms,PUBCHEM_CID,Molecular formula,Major Isotope Mass,ALogP,Lipinski_Violations,Insecticide_Likeness_Violations,Post_Em_Herbicide_Likeness_Violations,Metabolite ID,cdk:Title,Reaction,Reaction ID,Enzyme(s),Biosystem,Precursor ID,Precursor SMILES,Precursor InChI,Precursor InChIKey,Precursor ALogP,Precursor Major Isotope Mass
"InChI=1S/C20H23F13O11/c21-15(22,16(23,24)17(25,26)18(27,28)19(29,30)20(31,32)33)1-2-40-3-4-41-5-6-42-7-8(34)43-14-11(37)9(35)10(36)12(44-14)13(38)39/h9-12,14,35-37H,1-7H2,(H,38,39)",SXRQCXBTCIYPSW-UHFFFAOYSA-N,FC(F)(C(F)(C(F)(C(F)(C(F)(C(F)(CCOCCOCCOCC(OC1OC(C(O)C(O)C1O)C(O)=O)=O)F)F)F)F)F)F,,,C20H23F13O11,686.103278416,1.4837000000000002,2,2,2,BTM00001,BTM00001,O-Glucuronidation of aliphatic acid,BTMR0167,Bacterial UDP-glucuronosyltransferase,GUTMICRO,,FC(F)(C(F)(C(F)(C(F)(C(F)(C(F)(CCOCCOCCOCC(O)=O)F)F)F)F)F)F,"InChI=1S/C14H15F13O5/c15-9(16,1-2-30-3-4-31-5-6-32-7-8(28)29)10(17,18)11(19,20)12(21,22)13(23,24)14(25,26)27/h1-7H2,(H,28,29)",OZDKMNJXGUVEMG-UHFFFAOYSA-N,,510.0711
InChI,InChIKey,SMILES,Synonyms,PUBCHEM_CID,Molecular formula,Major Isotope Mass,ALogP,Lipinski_Violations,Insecticide_Likeness_Violations,Post_Em_Herbicide_Likeness_Violations,Metabolite ID,cdk:Title,Reaction,Reaction ID,Enzyme(s),Biosystem,Precursor ID,Precursor SMILES,Precursor InChI,Precursor InChIKey,Precursor ALogP,Precursor Major Isotope Mass
"InChI=1S/C22H23F17O11/c23-15(24,16(25,26)17(27,28)18(29,30)19(31,32)20(33,34)21(35,36)22(37,38)39)1-2-46-3-4-47-5-6-48-7-8(40)49-14-11(43)9(41)10(42)12(50-14)13(44)45/h9-12,14,41-43H,1-7H2,(H,44,45)",AVZYNWLSADHKHO-UHFFFAOYSA-N,FC(F)(C(F)(C(F)(C(F)(C(F)(C(F)(C(F)(C(F)(CCOCCOCCOCC(OC1OC(C(O)C(O)C1O)C(O)=O)=O)F)F)F)F)F)F)F)F,,,C22H23F17O11,786.096891296,2.466900000000001,3,2,2,BTM00001,BTM00001,O-Glucuronidation of aliphatic acid,BTMR0167,Bacterial UDP-glucuronosyltransferase,GUTMICRO,,FC(F)(C(F)(C(F)(C(F)(C(F)(C(F)(C(F)(C(F)(CCOCCOCCOCC(O)=O)F)F)F)F)F)F)F)F,"InChI=1S/C16H15F17O5/c17-9(18,1-2-36-3-4-37-5-6-38-7-8(34)35)10(19,20)11(21,22)12(23,24)13(25,26)14(27,28)15(29,30)16(31,32)33/h1-7H2,(H,34,35)",QTUARCMQVIPZRL-UHFFFAOYSA-N,,610.0648
InChI,InChIKey,SMILES,Synonyms,PUBCHEM_CID,Molecular formula,Major Isotope Mass,ALogP,Lipinski_Violations,Insecticide_Likeness_Violations,Post_Em_Herbicide_Likeness_Violations,Metabolite ID,cdk:Title,Reaction,Reaction ID,Enzyme(s),Biosystem,Precursor ID,Precursor SMILES,Precursor InChI,Precursor InChIKey,Precursor ALogP,Precursor Major Isotope Mass
"InChI=1S/C24H23F21O11/c25-15(26,1-2-52-3-4-53-5-6-54-7-8(46)55-14-11(49)9(47)10(48)12(56-14)13(50)51)16(27,28)17(29,30)18(31,32)19(33,34)20(35,36)21(37,38)22(39,40)23(41,42)24(43,44)45/h9-12,14,47-49H,1-7H2,(H,50,51)",HVUKLFMDXLCVOW-UHFFFAOYSA-N,FC(F)(C(F)(C(F)(C(F)(C(F)(C(F)(C(F)(C(F)(C(F)(C(F)(CCOCCOCCOCC(OC1OC(C(O)C(O)C1O)C(O)=O)=O)F)F)F)F)F)F)F)F)F)F,,,C24H23F21O11,886.090504176,3.450100000000001,3,2,2,BTM00001,BTM00001,O-Glucuronidation of aliphatic acid,BTMR0167,Bacterial UDP-glucuronosyltransferase,GUTMICRO,,FC(F)(C(F)(C(F)(C(F)(C(F)(C(F)(C(F)(C(F)(C(F)(C(F)(CCOCCOCCOCC(O)=O)F)F)F)F)F)F)F)F)F)F,"InChI=1S/C18H15F21O5/c19-9(20,1-2-42-3-4-43-5-6-44-7-8(40)41)10(21,22)11(23,24)12(25,26)13(27,28)14(29,30)15(31,32)16(33,34)17(35,36)18(37,38)39/h1-7H2,(H,40,41)",VNSLQCRCYMYIPT-UHFFFAOYSA-N,,710.0584
InChI,InChIKey,SMILES,Synonyms,PUBCHEM_CID,Molecular formula,Major Isotope Mass,ALogP,Lipinski_Violations,Insecticide_Likeness_Violations,Post_Em_Herbicide_Likeness_Violations,Metabolite ID,cdk:Title,Reaction,Reaction ID,Enzyme(s),Biosystem,Precursor ID,Precursor SMILES,Precursor InChI,Precursor InChIKey,Precursor ALogP,Precursor Major Isotope Mass
"InChI=1S/C22H27F13O12/c23-17(24,18(25,26)19(27,28)20(29,30)21(31,32)22(33,34)35)1-2-42-3-4-43-5-6-44-7-8-45-9-10(36)46-16-13(39)11(37)12(38)14(47-16)15(40)41/h11-14,16,37-39H,1-9H2,(H,40,41)",VOZUSRYAQQAGDZ-UHFFFAOYSA-N,FC(F)(C(F)(C(F)(C(F)(C(F)(C(F)(CCOCCOCCOCCOCC(OC1OC(C(O)C(O)C1O)C(O)=O)=O)F)F)F)F)F)F,,,C22H27F13O12,730.129493164,1.3528000000000013,2,2,2,BTM00001,BTM00001,O-Glucuronidation of aliphatic acid,BTMR0167,Bacterial UDP-glucuronosyltransferase,GUTMICRO,,FC(F)(C(F)(C(F)(C(F)(C(F)(C(F)(CCOCCOCCOCCOCC(O)=O)F)F)F)F)F)F,"InChI=1S/C16H19F13O6/c17-11(18,1-2-32-3-4-33-5-6-34-7-8-35-9-10(30)31)12(19,20)13(21,22)14(23,24)15(25,26)16(27,28)29/h1-9H2,(H,30,31)",KDKAXVRJKHTNPS-UHFFFAOYSA-N,,554.0974
InChI,InChIKey,SMILES,Synonyms,PUBCHEM_CID,Molecular formula,Major Isotope Mass,ALogP,Lipinski_Violations,Insecticide_Likeness_Violations,Post_Em_Herbicide_Likeness_Violations,Metabolite ID,cdk:Title,Reaction,Reaction ID,Enzyme(s),Biosystem,Precursor ID,Precursor SMILES,Precursor InChI,Precursor InChIKey,Precursor ALogP,Precursor Major Isotope Mass
"InChI=1S/C24H27F17O12/c25-17(26,18(27,28)19(29,30)20(31,32)21(33,34)22(35,36)23(37,38)24(39,40)41)1-2-48-3-4-49-5-6-50-7-8-51-9-10(42)52-16-13(45)11(43)12(44)14(53-16)15(46)47/h11-14,16,43-45H,1-9H2,(H,46,47)",SVGWRKWAXHBLTO-UHFFFAOYSA-N,FC(F)(C(F)(C(F)(C(F)(C(F)(C(F)(C(F)(C(F)(CCOCCOCCOCCOCC(OC1OC(C(O)C(O)C1O)C(O)=O)=O)F)F)F)F)F)F)F)F,,,C24H27F17O12,830.123106044,2.336000000000002,3,2,2,BTM00001,BTM00001,O-Glucuronidation of aliphatic acid,BTMR0167,Bacterial UDP-glucuronosyltransferase,GUTMICRO,,FC(F)(C(F)(C(F)(C(F)(C(F)(C(F)(C(F)(C(F)(CCOCCOCCOCCOCC(O)=O)F)F)F)F)F)F)F)F,"InChI=1S/C18H19F17O6/c19-11(20,1-2-38-3-4-39-5-6-40-7-8-41-9-10(36)37)12(21,22)13(23,24)14(25,26)15(27,28)16(29,30)17(31,32)18(33,34)35/h1-9H2,(H,36,37)",YSLNMCCWLDHCNF-UHFFFAOYSA-N,,654.0910
InChI,InChIKey,SMILES,Synonyms,PUBCHEM_CID,Molecular formula,Major Isotope Mass,ALogP,Lipinski_Violations,Insecticide_Likeness_Violations,Post_Em_Herbicide_Likeness_Violations,Metabolite ID,cdk:Title,Reaction,Reaction ID,Enzyme(s),Biosystem,Precursor ID,Precursor SMILES,Precursor InChI,Precursor InChIKey,Precursor ALogP,Precursor Major Isotope Mass
"InChI=1S/C26H27F21O12/c27-17(28,18(29,30)19(31,32)20(33,34)21(35,36)22(37,38)23(39,40)24(41,42)25(43,44)26(45,46)47)1-2-54-3-4-55-5-6-56-7-8-57-9-10(48)58-16-13(51)11(49)12(50)14(59-16)15(52)53/h11-14,16,49-51H,1-9H2,(H,52,53)",QCOYTNFANCNIOK-UHFFFAOYSA-N,FC(F)(C(F)(C(F)(C(F)(C(F)(C(F)(C(F)(C(F)(C(F)(C(F)(CCOCCOCCOCCOCC(OC1OC(C(O)C(O)C1O)C(O)=O)=O)F)F)F)F)F)F)F)F)F)F,,,C26H27F21O12,930.116718924,3.319200000000002,3,2,2,BTM00001,BTM00001,O-Glucuronidation of aliphatic acid,BTMR0167,Bacterial UDP-glucuronosyltransferase,GUTMICRO,,FC(F)(C(F)(C(F)(C(F)(C(F)(C(F)(C(F)(C(F)(C(F)(C(F)(CCOCCOCCOCCOCC(O)=O)F)F)F)F)F)F)F)F)F)F,"InChI=1S/C20H19F21O6/c21-11(22,1-2-44-3-4-45-5-6-46-7-8-47-9-10(42)43)12(23,24)13(25,26)14(27,28)15(29,30)16(31,32)17(33,34)18(35,36)19(37,38)20(39,40)41/h1-9H2,(H,42,43)",ALCICJRPLWKMMG-UHFFFAOYSA-N,,754.0846
InChI,InChIKey,SMILES,Synonyms,PUBCHEM_CID,Molecular formula,Major Isotope Mass,ALogP,Lipinski_Violations,Insecticide_Likeness_Violations,Post_Em_Herbicide_Likeness_Violations,Metabolite ID,cdk:Title,Reaction,Reaction ID,Enzyme(s),Biosystem,Precursor ID,Precursor SMILES,Precursor InChI,Precursor InChIKey,Precursor ALogP,Precursor Major Isotope Mass
"InChI=1S/C8H9F3O8/c9-8(10,11)7(17)19-6-3(14)1(12)2(13)4(18-6)5(15)16/h1-4,6,12-14H,(H,15,16)",MDKXZUHCIXIOSY-UHFFFAOYSA-N,O=C(OC1OC(C(O)C(O)C1O)C(O)=O)C(F)(F)F,,,C8H9F3O8,290.024951908,-0.8372000000000002,0,1,1,BTM00001,BTM00001,O-Glucuronidation of aliphatic acid,BTMR0167,Bacterial UDP-glucuronosyltransferase,GUTMICRO,,O=C(O)C(F)(F)F,"InChI=1S/C2HF3O2/c3-2(4,5)1(6)7/h(H,6,7)",DTQVDTLACAAQTR-UHFFFAOYSA-N,,113.9928
InChI,InChIKey,SMILES,Synonyms,PUBCHEM_CID,Molecular formula,Major Isotope Mass,ALogP,Lipinski_Violations,Insecticide_Likeness_Violations,Post_Em_Herbicide_Likeness_Violations,Metabolite ID,cdk:Title,Reaction,Reaction ID,Enzyme(s),Biosystem,Precursor ID,Precursor SMILES,Precursor InChI,Precursor InChIKey,Precursor ALogP,Precursor Major Isotope Mass
"InChI=1S/C8H9F3O8/c9-8(10,11)7(17)19-6-3(14)1(12)2(13)4(18-6)5(15)16/h1-4,6,12-14H,(H,15,16)",MDKXZUHCIXIOSY-UHFFFAOYSA-N,O=C(OC1OC(C(O)C(O)C1O)C(O)=O)C(F)(F)F,,,C8H9F3O8,290.024951908,-0.8372000000000002,0,1,1,BTM00001,BTM00001,O-Glucuronidation of aliphatic acid,BTMR0167,Bacterial UDP-glucuronosyltransferase,GUTMICRO,,O=C(O)C(F)(F)F,"InChI=1S/C2HF3O2/c3-2(4,5)1(6)7/h(H,6,7)",DTQVDTLACAAQTR-UHFFFAOYSA-N,,113.9928
InChI,InChIKey,SMILES,Synonyms,PUBCHEM_CID,Molecular formula,Major Isotope Mass,ALogP,Lipinski_Violations,Insecticide_Likeness_Violations,Post_Em_Herbicide_Likeness_Violations,Metabolite ID,cdk:Title,Reaction,Reaction ID,Enzyme(s),Biosystem,Precursor ID,Precursor SMILES,Precursor InChI,Precursor InChIKey,Precursor ALogP,Precursor Major Isotope Mass
"InChI=1S/C13H12ClFO8/c14-4-1-2-6(15)5(3-4)12(21)23-13-9(18)7(16)8(17)10(22-13)11(19)20/h1-3,7-10,13,16-18H,(H,19,20)",WXPRHBQYXCBZAH-UHFFFAOYSA-N,O=C(OC1OC(C(O)C(O)C1O)C(O)=O)C2=CC(Cl)=CC=C2F,,,C13H12ClFO8,350.02047324399996,0.6088,0,1,1,BTM00001,BTM00001,O-Glucuronidation of aromatic acid,BTMR0168,Bacterial UDP-glucuronosyltransferase,GUTMICRO,,O=C(O)C1=CC(Cl)=CC=C1F,"InChI=1S/C7H4ClFO2/c8-4-1-2-6(9)5(3-4)7(10)11/h1-3H,(H,10,11)",WGAVMKXCDMQVNF-UHFFFAOYSA-N,,173.9883
InChI,InChIKey,SMILES,Synonyms,PUBCHEM_CID,Molecular formula,Major Isotope Mass,ALogP,Lipinski_Violations,Insecticide_Likeness_Violations,Post_Em_Herbicide_Likeness_Violations,Metabolite ID,cdk:Title,Reaction,Reaction ID,Enzyme(s),Biosystem,Precursor ID,Precursor SMILES,Precursor InChI,Precursor InChIKey,Precursor ALogP,Precursor Major Isotope Mass
"InChI=1S/C13H12ClFO8/c14-4-1-2-6(15)5(3-4)12(21)23-13-9(18)7(16)8(17)10(22-13)11(19)20/h1-3,7-10,13,16-18H,(H,19,20)",WXPRHBQYXCBZAH-UHFFFAOYSA-N,O=C(OC1OC(C(O)C(O)C1O)C(O)=O)C2=CC(Cl)=CC=C2F,,,C13H12ClFO8,350.02047324399996,0.6088,0,1,1,BTM00001,BTM00001,O-Glucuronidation of aromatic acid,BTMR0168,Bacterial UDP-glucuronosyltransferase,GUTMICRO,,O=C(O)C1=CC(Cl)=CC=C1F,"InChI=1S/C7H4ClFO2/c8-4-1-2-6(9)5(3-4)7(10)11/h1-3H,(H,10,11)",WGAVMKXCDMQVNF-UHFFFAOYSA-N,,173.9883
InChI,InChIKey,SMILES,Synonyms,PUBCHEM_CID,Molecular formula,Major Isotope Mass,ALogP,Lipinski_Violations,Insecticide_Likeness_Violations,Post_Em_Herbicide_Likeness_Violations,Metabolite ID,cdk:Title,Reaction,Reaction ID,Enzyme(s),Biosystem,Precursor ID,Precursor SMILES,Precursor InChI,Precursor InChIKey,Precursor ALogP,Precursor Major Isotope Mass
"InChI=1S/C13H12ClFO8/c14-4-1-2-6(15)5(3-4)12(21)23-13-9(18)7(16)8(17)10(22-13)11(19)20/h1-3,7-10,13,16-18H,(H,19,20)",WXPRHBQYXCBZAH-UHFFFAOYSA-N,O=C(OC1OC(C(O)C(O)C1O)C(O)=O)C2=CC(Cl)=CC=C2F,,,C13H12ClFO8,350.02047324399996,0.6088,0,1,1,BTM00001,BTM00001,O-Glucuronidation of aromatic acid,BTMR0168,Bacterial UDP-glucuronosyltransferase,GUTMICRO,,O=C(O)C1=CC(Cl)=CC=C1F,"InChI=1S/C7H4ClFO2/c8-4-1-2-6(9)5(3-4)7(10)11/h1-3H,(H,10,11)",WGAVMKXCDMQVNF-UHFFFAOYSA-N,,173.9883
InChI,InChIKey,SMILES,Synonyms,PUBCHEM_CID,Molecular formula,Major Isotope Mass,ALogP,Lipinski_Violations,Insecticide_Likeness_Violations,Post_Em_Herbicide_Likeness_Violations,Metabolite ID,cdk:Title,Reaction,Reaction ID,Enzyme(s),Biosystem,Precursor ID,Precursor SMILES,Precursor InChI,Precursor InChIKey,Precursor ALogP,Precursor Major Isotope Mass
"InChI=1S/C13H12ClFO8/c14-4-1-2-6(15)5(3-4)12(21)23-13-9(18)7(16)8(17)10(22-13)11(19)20/h1-3,7-10,13,16-18H,(H,19,20)",WXPRHBQYXCBZAH-UHFFFAOYSA-N,O=C(OC1OC(C(O)C(O)C1O)C(O)=O)C2=CC(Cl)=CC=C2F,,,C13H12ClFO8,350.02047324399996,0.6088,0,1,1,BTM00001,BTM00001,O-Glucuronidation of aromatic acid,BTMR0168,Bacterial UDP-glucuronosyltransferase,GUTMICRO,,O=C(O)C1=CC(Cl)=CC=C1F,"InChI=1S/C7H4ClFO2/c8-4-1-2-6(9)5(3-4)7(10)11/h1-3H,(H,10,11)",WGAVMKXCDMQVNF-UHFFFAOYSA-N,,173.9883
InChI,InChIKey,SMILES,Synonyms,PUBCHEM_CID,Molecular formula,Major Isotope Mass,ALogP,Lipinski_Violations,Insecticide_Likeness_Violations,Post_Em_Herbicide_Likeness_Violations,Metabolite ID,cdk:Title,Reaction,Reaction ID,Enzyme(s),Biosystem,Precursor ID,Precursor SMILES,Precursor InChI,Precursor InChIKey,Precursor ALogP,Precursor Major Isotope Mass
"InChI=1S/C13H12ClFO8/c14-4-1-2-6(15)5(3-4)12(21)23-13-9(18)7(16)8(17)10(22-13)11(19)20/h1-3,7-10,13,16-18H,(H,19,20)",WXPRHBQYXCBZAH-UHFFFAOYSA-N,O=C(OC1OC(C(O)C(O)C1O)C(O)=O)C2=CC(Cl)=CC=C2F,,,C13H12ClFO8,350.02047324399996,0.6088,0,1,1,BTM00001,BTM00001,O-Glucuronidation of aromatic acid,BTMR0168,Bacterial UDP-glucuronosyltransferase,GUTMICRO,,O=C(O)C1=CC(Cl)=CC=C1F,"InChI=1S/C7H4ClFO2/c8-4-1-2-6(9)5(3-4)7(10)11/h1-3H,(H,10,11)",WGAVMKXCDMQVNF-UHFFFAOYSA-N,,173.9883
InChI,InChIKey,SMILES,Synonyms,PUBCHEM_CID,Molecular formula,Major Isotope Mass,ALogP,Lipinski_Violations,Insecticide_Likeness_Violations,Post_Em_Herbicide_Likeness_Violations,Metabolite ID,cdk:Title,Reaction,Reaction ID,Enzyme(s),Biosystem,Precursor ID,Precursor SMILES,Precursor InChI,Precursor InChIKey,Precursor ALogP,Precursor Major Isotope Mass
"InChI=1S/C15H18ClF3O8/c1-14(2)4(3-5(16)15(17,18)19)6(14)12(25)27-13-9(22)7(20)8(21)10(26-13)11(23)24/h3-4,6-10,13,20-22H,1-2H3,(H,23,24)",FLIWWWCXNBYZFA-UHFFFAOYSA-N,CC1(C)C(C=C(Cl)C(F)(F)F)C1C(=O)OC2OC(C(O)C(O)C2O)C(O)=O,,,C15H18ClF3O8,418.064229876,0.8347999999999989,0,1,1,BTM00001,BTM00001,O-Glucuronidation of aliphatic acid,BTMR0167,Bacterial UDP-glucuronosyltransferase,GUTMICRO,,CC1(C)C(C=C(Cl)C(F)(F)F)C1C(=O)O,"InChI=1S/C9H10ClF3O2/c1-8(2)4(6(8)7(14)15)3-5(10)9(11,12)13/h3-4,6H,1-2H3,(H,14,15)",SPVZAYWHHVLPBN-UHFFFAOYSA-N,,242.0321
InChI,InChIKey,SMILES,Synonyms,PUBCHEM_CID,Molecular formula,Major Isotope Mass,ALogP,Lipinski_Violations,Insecticide_Likeness_Violations,Post_Em_Herbicide_Likeness_Violations,Metabolite ID,cdk:Title,Reaction,Reaction ID,Enzyme(s),Biosystem,Precursor ID,Precursor SMILES,Precursor InChI,Precursor InChIKey,Precursor ALogP,Precursor Major Isotope Mass
"InChI=1S/C13H11Cl2FO8/c14-4-2-1-3(5(15)6(4)16)12(22)24-13-9(19)7(17)8(18)10(23-13)11(20)21/h1-2,7-10,13,17-19H,(H,20,21)",CGGQNYPQXOESCO-UHFFFAOYSA-N,O=C(OC1OC(C(O)C(O)C1O)C(O)=O)C2=CC=C(Cl)C(F)=C2Cl,,,C13H11Cl2FO8,383.98150089200004,1.2731999999999994,0,1,1,BTM00001,BTM00001,O-Glucuronidation of aromatic acid,BTMR0168,Bacterial UDP-glucuronosyltransferase,GUTMICRO,,O=C(O)C1=CC=C(Cl)C(F)=C1Cl,"InChI=1S/C7H3Cl2FO2/c8-4-2-1-3(7(11)12)5(9)6(4)10/h1-2H,(H,11,12)",LBOGDFHFACXPKV-UHFFFAOYSA-N,,207.9494
InChI,InChIKey,SMILES,Synonyms,PUBCHEM_CID,Molecular formula,Major Isotope Mass,ALogP,Lipinski_Violations,Insecticide_Likeness_Violations,Post_Em_Herbicide_Likeness_Violations,Metabolite ID,cdk:Title,Reaction,Reaction ID,Enzyme(s),Biosystem,Precursor ID,Precursor SMILES,Precursor InChI,Precursor InChIKey,Precursor ALogP,Precursor Major Isotope Mass
"InChI=1S/C10H9F7O8/c11-8(12,9(13,14)10(15,16)17)7(23)25-6-3(20)1(18)2(19)4(24-6)5(21)22/h1-4,6,18-20H,(H,21,22)",PNCDATNRWVHJSK-UHFFFAOYSA-N,O=C(OC1OC(C(O)C(O)C1O)C(O)=O)C(F)(F)C(F)(F)C(F)(F)F,,,C10H9F7O8,390.01856478800005,0.14599999999999996,0,1,1,BTM00001,BTM00001,O-Glucuronidation of aliphatic acid,BTMR0167,Bacterial UDP-glucuronosyltransferase,GUTMICRO,,O=C(O)C(F)(F)C(F)(F)C(F)(F)F,"InChI=1S/C4HF7O2/c5-2(6,1(12)13)3(7,8)4(9,10)11/h(H,12,13)",YPJUNDFVDDCYIH-UHFFFAOYSA-N,,213.9864
InChI,InChIKey,SMILES,Synonyms,PUBCHEM_CID,Molecular formula,Major Isotope Mass,ALogP,Lipinski_Violations,Insecticide_Likeness_Violations,Post_Em_Herbicide_Likeness_Violations,Metabolite ID,cdk:Title,Reaction,Reaction ID,Enzyme(s),Biosystem,Precursor ID,Precursor SMILES,Precursor InChI,Precursor InChIKey,Precursor ALogP,Precursor Major Isotope Mass
"InChI=1S/C7H3Cl2FO2/c8-4-2-5(9)6(10)1-3(4)7(11)12/h1-2H,(H,11,12)",KZCWJHUTTSVCRO-UHFFFAOYSA-N,O=C(O)C1=CC(F)=C(Cl)C=C1Cl,,,C7H3Cl2FO2,207.949412916,2.9687,0,0,0,BTM00001,BTM00001,alpha-Oxidation of carboxylic acid,BTMR0276,Unspecified gut bacterial enzyme,GUTMICRO,,O=C(O)CC1=CC(F)=C(Cl)C=C1Cl,"InChI=1S/C8H5Cl2FO2/c9-5-3-6(10)7(11)1-4(5)2-8(12)13/h1,3H,2H2,(H,12,13)",LFLORXCBEGTRHI-UHFFFAOYSA-N,,221.9650
"InChI=1S/C14H13Cl2FO8/c15-5-3-6(16)7(17)1-4(5)2-8(18)24-14-11(21)9(19)10(20)12(25-14)13(22)23/h1,3,9-12,14,19-21H,2H2,(H,22,23)",ULVMFGYJTQBUCC-UHFFFAOYSA-N,O=C(OC1OC(C(O)C(O)C1O)C(O)=O)CC2=CC(F)=C(Cl)C=C2Cl,,,C14H13Cl2FO8,397.997150956,1.3080000000000007,0,1,1,BTM00002,BTM00002,O-Glucuronidation of aliphatic acid,BTMR0167,Bacterial UDP-glucuronosyltransferase,GUTMICRO,,O=C(O)CC1=CC(F)=C(Cl)C=C1Cl,"InChI=1S/C8H5Cl2FO2/c9-5-3-6(10)7(11)1-4(5)2-8(12)13/h1,3H,2H2,(H,12,13)",LFLORXCBEGTRHI-UHFFFAOYSA-N,,221.9650
InChI,InChIKey,SMILES,Synonyms,PUBCHEM_CID,Molecular formula,Major Isotope Mass,ALogP,Lipinski_Violations,Insecticide_Likeness_Violations,Post_Em_Herbicide_Likeness_Violations,Metabolite ID,cdk:Title,Reaction,Reaction ID,Enzyme(s),Biosystem,Precursor ID,Precursor SMILES,Precursor InChI,Precursor InChIKey,Precursor ALogP,Precursor Major Isotope Mass
"InChI=1S/C11H12F6O9/c12-9(10(13,14)11(15,16)17)24-1-2(18)25-8-5(21)3(19)4(20)6(26-8)7(22)23/h3-6,8-9,19-21H,1H2,(H,22,23)",XHOAXLKEFLYYRH-UHFFFAOYSA-N,FC(F)(F)C(F)(F)C(OCC(OC1OC(C(O)C(O)C1O)C(O)=O)=O)F,,,C11H12F6O9,402.038551284,-0.1201000000000007,0,1,1,BTM00001,BTM00001,O-Glucuronidation of aliphatic acid,BTMR0167,Bacterial UDP-glucuronosyltransferase,GUTMICRO,,FC(F)(F)C(F)(F)C(OCC(O)=O)F,"InChI=1S/C5H4F6O3/c6-3(14-1-2(12)13)4(7,8)5(9,10)11/h3H,1H2,(H,12,13)",SAENMYKIYAJBAQ-UHFFFAOYSA-N,,226.0064
InChI,InChIKey,SMILES,Synonyms,PUBCHEM_CID,Molecular formula,Major Isotope Mass,ALogP,Lipinski_Violations,Insecticide_Likeness_Violations,Post_Em_Herbicide_Likeness_Violations,Metabolite ID,cdk:Title,Reaction,Reaction ID,Enzyme(s),Biosystem,Precursor ID,Precursor SMILES,Precursor InChI,Precursor InChIKey,Precursor ALogP,Precursor Major Isotope Mass
"InChI=1S/C11H12F6O9/c12-9(10(13,14)11(15,16)17)24-1-2(18)25-8-5(21)3(19)4(20)6(26-8)7(22)23/h3-6,8-9,19-21H,1H2,(H,22,23)",XHOAXLKEFLYYRH-UHFFFAOYSA-N,FC(F)(F)C(F)(F)C(OCC(OC1OC(C(O)C(O)C1O)C(O)=O)=O)F,,,C11H12F6O9,402.038551284,-0.1201000000000007,0,1,1,BTM00001,BTM00001,O-Glucuronidation of aliphatic acid,BTMR0167,Bacterial UDP-glucuronosyltransferase,GUTMICRO,,FC(F)(F)C(F)(F)C(OCC(O)=O)F,"InChI=1S/C5H4F6O3/c6-3(14-1-2(12)13)4(7,8)5(9,10)11/h3H,1H2,(H,12,13)",SAENMYKIYAJBAQ-UHFFFAOYSA-N,,226.0064
InChI,InChIKey,SMILES,Synonyms,PUBCHEM_CID,Molecular formula,Major Isotope Mass,ALogP,Lipinski_Violations,Insecticide_Likeness_Violations,Post_Em_Herbicide_Likeness_Violations,Metabolite ID,cdk:Title,Reaction,Reaction ID,Enzyme(s),Biosystem,Precursor ID,Precursor SMILES,Precursor InChI,Precursor InChIKey,Precursor ALogP,Precursor Major Isotope Mass
"InChI=1S/C11H12F6O9/c12-9(10(13,14)11(15,16)17)24-1-2(18)25-8-5(21)3(19)4(20)6(26-8)7(22)23/h3-6,8-9,19-21H,1H2,(H,22,23)",XHOAXLKEFLYYRH-UHFFFAOYSA-N,FC(F)(F)C(F)(F)C(OCC(OC1OC(C(O)C(O)C1O)C(O)=O)=O)F,,,C11H12F6O9,402.038551284,-0.1201000000000007,0,1,1,BTM00001,BTM00001,O-Glucuronidation of aliphatic acid,BTMR0167,Bacterial UDP-glucuronosyltransferase,GUTMICRO,,FC(F)(F)C(F)(F)C(OCC(O)=O)F,"InChI=1S/C5H4F6O3/c6-3(14-1-2(12)13)4(7,8)5(9,10)11/h3H,1H2,(H,12,13)",SAENMYKIYAJBAQ-UHFFFAOYSA-N,,226.0064
InChI,InChIKey,SMILES,Synonyms,PUBCHEM_CID,Molecular formula,Major Isotope Mass,ALogP,Lipinski_Violations,Insecticide_Likeness_Violations,Post_Em_Herbicide_Likeness_Violations,Metabolite ID,cdk:Title,Reaction,Reaction ID,Enzyme(s),Biosystem,Precursor ID,Precursor SMILES,Precursor InChI,Precursor InChIKey,Precursor ALogP,Precursor Major Isotope Mass
"InChI=1S/C13H11BrClFO8/c14-5-2-3(15)1-4(6(5)16)12(22)24-13-9(19)7(17)8(18)10(23-13)11(20)21/h1-2,7-10,13,17-19H,(H,20,21)",JSGJLFHPDOEBID-UHFFFAOYSA-N,O=C(OC1OC(C(O)C(O)C1O)C(O)=O)C2=CC(Cl)=CC(Br)=C2F,,,C13H11BrClFO8,427.930985312,1.3571999999999995,0,1,1,BTM00001,BTM00001,O-Glucuronidation of aromatic acid,BTMR0168,Bacterial UDP-glucuronosyltransferase,GUTMICRO,,O=C(O)C1=CC(Cl)=CC(Br)=C1F,"InChI=1S/C7H3BrClFO2/c8-5-2-3(9)1-4(6(5)10)7(11)12/h1-2H,(H,11,12)",ZSCAXCZFFCKFAE-UHFFFAOYSA-N,,251.8988
InChI,InChIKey,SMILES,Synonyms,PUBCHEM_CID,Molecular formula,Major Isotope Mass,ALogP,Lipinski_Violations,Insecticide_Likeness_Violations,Post_Em_Herbicide_Likeness_Violations,Metabolite ID,cdk:Title,Reaction,Reaction ID,Enzyme(s),Biosystem,Precursor ID,Precursor SMILES,Precursor InChI,Precursor InChIKey,Precursor ALogP,Precursor Major Isotope Mass
"InChI=1S/C13H11BrClFO8/c14-5-2-3(15)1-4(6(5)16)12(22)24-13-9(19)7(17)8(18)10(23-13)11(20)21/h1-2,7-10,13,17-19H,(H,20,21)",JSGJLFHPDOEBID-UHFFFAOYSA-N,O=C(OC1OC(C(O)C(O)C1O)C(O)=O)C2=CC(Cl)=CC(Br)=C2F,,,C13H11BrClFO8,427.930985312,1.3571999999999995,0,1,1,BTM00001,BTM00001,O-Glucuronidation of aromatic acid,BTMR0168,Bacterial UDP-glucuronosyltransferase,GUTMICRO,,O=C(O)C1=CC(Cl)=CC(Br)=C1F,"InChI=1S/C7H3BrClFO2/c8-5-2-3(9)1-4(6(5)10)7(11)12/h1-2H,(H,11,12)",ZSCAXCZFFCKFAE-UHFFFAOYSA-N,,251.8988
InChI,InChIKey,SMILES,Synonyms,PUBCHEM_CID,Molecular formula,Major Isotope Mass,ALogP,Lipinski_Violations,Insecticide_Likeness_Violations,Post_Em_Herbicide_Likeness_Violations,Metabolite ID,cdk:Title,Reaction,Reaction ID,Enzyme(s),Biosystem,Precursor ID,Precursor SMILES,Precursor InChI,Precursor InChIKey,Precursor ALogP,Precursor Major Isotope Mass
"InChI=1S/C8H9F6NO10S2/c9-7(10,11)26(21,22)15(27(23,24)8(12,13)14)5-3(18)1(16)2(17)4(25-5)6(19)20/h1-5,16-18H,(H,19,20)",FOBGJVPLXLWPTC-UHFFFAOYSA-N,O=S(=O)(N(S(=O)(=O)C(F)(F)F)C1OC(C(O)C(O)C1O)C(O)=O)C(F)(F)F,,,C8H9F6NO10S2,456.957206808,1.2712999999999997,1,1,1,BTM00001,BTM00001,N-Glucuronidation of sulfonamide,BTMR0170,Bacterial UDP-glucuronosyltransferase,GUTMICRO,,O=S(=O)(NS(=O)(=O)C(F)(F)F)C(F)(F)F,"InChI=1S/C2HF6NO4S2/c3-1(4,5)14(10,11)9-15(12,13)2(6,7)8/h9H",ZXMGHDIOOHOAAE-UHFFFAOYSA-N,,280.9251
InChI,InChIKey,SMILES,Synonyms,PUBCHEM_CID,Molecular formula,Major Isotope Mass,ALogP,Lipinski_Violations,Insecticide_Likeness_Violations,Post_Em_Herbicide_Likeness_Violations,Metabolite ID,cdk:Title,Reaction,Reaction ID,Enzyme(s),Biosystem,Precursor ID,Precursor SMILES,Precursor InChI,Precursor InChIKey,Precursor ALogP,Precursor Major Isotope Mass
"InChI=1S/C13H11Br2FO8/c14-4-2-5(15)6(16)1-3(4)12(22)24-13-9(19)7(17)8(18)10(23-13)11(20)21/h1-2,7-10,13,17-19H,(H,20,21)",TWFKCDMYJVSBAH-UHFFFAOYSA-N,O=C(OC1OC(C(O)C(O)C1O)C(O)=O)C2=CC(F)=C(Br)C=C2Br,,,C13H11Br2FO8,471.88046973200005,1.4411999999999994,0,1,1,BTM00001,BTM00001,O-Glucuronidation of aromatic acid,BTMR0168,Bacterial UDP-glucuronosyltransferase,GUTMICRO,,O=C(O)C1=CC(F)=C(Br)C=C1Br,"InChI=1S/C7H3Br2FO2/c8-4-2-5(9)6(10)1-3(4)7(11)12/h1-2H,(H,11,12)",NKVCAJBUGBRHEA-UHFFFAOYSA-N,,295.8483
InChI,InChIKey,SMILES,Synonyms,PUBCHEM_CID,Molecular formula,Major Isotope Mass,ALogP,Lipinski_Violations,Insecticide_Likeness_Violations,Post_Em_Herbicide_Likeness_Violations,Metabolite ID,cdk:Title,Reaction,Reaction ID,Enzyme(s),Biosystem,Precursor ID,Precursor SMILES,Precursor InChI,Precursor InChIKey,Precursor ALogP,Precursor Major Isotope Mass
"InChI=1S/C20H19F3N2O8/c1-8-10(20(21,22)23)5-2-6-11(8)25-16-9(4-3-7-24-16)18(31)33-19-14(28)12(26)13(27)15(32-19)17(29)30/h2-7,12-15,19,26-28H,1H3,(H,24,25)(H,29,30)",CKBAXEGBOYHCIZ-UHFFFAOYSA-N,CC1=C(NC2=NC=CC=C2C(=O)OC3OC(C(O)C(O)C3O)C(O)=O)C=CC=C1C(F)(F)F,,,C20H19F3N2O8,472.109350228,2.1059999999999994,0,1,1,BTM00001,BTM00001,O-Glucuronidation of aromatic acid,BTMR0168,Bacterial UDP-glucuronosyltransferase,GUTMICRO,,CC1=C(NC2=NC=CC=C2C(=O)O)C=CC=C1C(F)(F)F,"InChI=1S/C14H11F3N2O2/c1-8-10(14(15,16)17)5-2-6-11(8)19-12-9(13(20)21)4-3-7-18-12/h2-7H,1H3,(H,18,19)(H,20,21)",NOOCSNJCXJYGPE-UHFFFAOYSA-N,,296.0772
"InChI=1S/C20H19F3N2O8/c1-8-10(20(21,22)23)5-2-6-11(8)24-16-9(18(29)30)4-3-7-25(16)17-14(28)12(26)13(27)15(33-17)19(31)32/h2-7,12-15,17,26-28H,1H3,(H2,29,30,31,32)/p+1",AUDYHKZBMJUILB-UHFFFAOYSA-O,CC1=C(NC2=[N+](C=CC=C2C(=O)O)C3OC(C(O)C(O)C3O)C(O)=O)C=CC=C1C(F)(F)F,,,[C20H20F3N2O8]+,473.11717525999995,0.6757999999999995,1,1,1,BTM00002,BTM00002,N-Glucuronidation of 3-substituted pyridine,BTMR0173,Bacterial UDP-glucuronosyltransferase,GUTMICRO,,CC1=C(NC2=NC=CC=C2C(=O)O)C=CC=C1C(F)(F)F,"InChI=1S/C14H11F3N2O2/c1-8-10(14(15,16)17)5-2-6-11(8)19-12-9(13(20)21)4-3-7-18-12/h2-7H,1H3,(H,18,19)(H,20,21)",NOOCSNJCXJYGPE-UHFFFAOYSA-N,,296.0772
InChI,InChIKey,SMILES,Synonyms,PUBCHEM_CID,Molecular formula,Major Isotope Mass,ALogP,Lipinski_Violations,Insecticide_Likeness_Violations,Post_Em_Herbicide_Likeness_Violations,Metabolite ID,cdk:Title,Reaction,Reaction ID,Enzyme(s),Biosystem,Precursor ID,Precursor SMILES,Precursor InChI,Precursor InChIKey,Precursor ALogP,Precursor Major Isotope Mass
"InChI=1S/C20H19F3N2O8/c1-8-10(20(21,22)23)5-2-6-11(8)25-16-9(4-3-7-24-16)18(31)33-19-14(28)12(26)13(27)15(32-19)17(29)30/h2-7,12-15,19,26-28H,1H3,(H,24,25)(H,29,30)",CKBAXEGBOYHCIZ-UHFFFAOYSA-N,CC1=C(NC2=NC=CC=C2C(=O)OC3OC(C(O)C(O)C3O)C(O)=O)C=CC=C1C(F)(F)F,,,C20H19F3N2O8,472.109350228,2.1059999999999994,0,1,1,BTM00001,BTM00001,O-Glucuronidation of aromatic acid,BTMR0168,Bacterial UDP-glucuronosyltransferase,GUTMICRO,,CC1=C(NC2=NC=CC=C2C(=O)O)C=CC=C1C(F)(F)F,"InChI=1S/C14H11F3N2O2/c1-8-10(14(15,16)17)5-2-6-11(8)19-12-9(13(20)21)4-3-7-18-12/h2-7H,1H3,(H,18,19)(H,20,21)",NOOCSNJCXJYGPE-UHFFFAOYSA-N,,296.0772
"InChI=1S/C20H19F3N2O8/c1-8-10(20(21,22)23)5-2-6-11(8)24-16-9(18(29)30)4-3-7-25(16)17-14(28)12(26)13(27)15(33-17)19(31)32/h2-7,12-15,17,26-28H,1H3,(H2,29,30,31,32)/p+1",AUDYHKZBMJUILB-UHFFFAOYSA-O,CC1=C(NC2=[N+](C=CC=C2C(=O)O)C3OC(C(O)C(O)C3O)C(O)=O)C=CC=C1C(F)(F)F,,,[C20H20F3N2O8]+,473.11717525999995,0.6757999999999995,1,1,1,BTM00002,BTM00002,N-Glucuronidation of 3-substituted pyridine,BTMR0173,Bacterial UDP-glucuronosyltransferase,GUTMICRO,,CC1=C(NC2=NC=CC=C2C(=O)O)C=CC=C1C(F)(F)F,"InChI=1S/C14H11F3N2O2/c1-8-10(14(15,16)17)5-2-6-11(8)19-12-9(13(20)21)4-3-7-18-12/h2-7H,1H3,(H,18,19)(H,20,21)",NOOCSNJCXJYGPE-UHFFFAOYSA-N,,296.0772
InChI,InChIKey,SMILES,Synonyms,PUBCHEM_CID,Molecular formula,Major Isotope Mass,ALogP,Lipinski_Violations,Insecticide_Likeness_Violations,Post_Em_Herbicide_Likeness_Violations,Metabolite ID,cdk:Title,Reaction,Reaction ID,Enzyme(s),Biosystem,Precursor ID,Precursor SMILES,Precursor InChI,Precursor InChIKey,Precursor ALogP,Precursor Major Isotope Mass
"InChI=1S/C19H20F2N6O7/c20-10-1-2-11(12(21)3-10)19(4-26-8-22-6-24-26,5-27-9-23-7-25-27)34-18-15(30)13(28)14(29)16(33-18)17(31)32/h1-3,6-9,13-16,18,28-30H,4-5H2,(H,31,32)",GJQIGLSHRFZUJD-UHFFFAOYSA-N,O(C(CN1C=NC=N1)(CN2C=NC=N2)C3=CC=C(F)C=C3F)C4OC(C(O)=O)C(C(C4O)O)O,,,C19H20F2N6O7,482.13615341999997,-0.7875999999999995,1,1,1,BTM00001,BTM00001,Alkyl-OH-glucuronidation,BTMR0165,Bacterial UDP-glucuronosyltransferase,GUTMICRO,,OC(CN1C=NC=N1)(CN2C=NC=N2)C3=CC=C(F)C=C3F,"InChI=1S/C13H12F2N6O/c14-10-1-2-11(12(15)3-10)13(22,4-20-8-16-6-18-20)5-21-9-17-7-19-21/h1-3,6-9,22H,4-5H2",RFHAOTPXVQNOHP-UHFFFAOYSA-N,,306.1040
"InChI=1S/C19H20F2N6O7/c20-10-1-2-11(12(21)3-10)19(33,4-26-7-22-6-23-26)5-27-9-25(8-24-27)17-15(30)13(28)14(29)16(34-17)18(31)32/h1-3,6-9,13-17,28-30,33H,4-5H2/p+1",GRKCISACHPPHLN-UHFFFAOYSA-O,OC(CN1C=NC=N1)(CN2C=[N+](C=N2)C3C(C(O)C(C(O3)C(O)=O)O)O)C4=CC=C(F)C=C4F,,,[C19H21F2N6O7]+,483.14397845199994,-2.3752999999999997,0,1,1,BTM00002,BTM00002,N-Glucuronidation of azole,BTMR0177,Bacterial UDP-glucuronosyltransferase,GUTMICRO,,OC(CN1C=NC=N1)(CN2C=NC=N2)C3=CC=C(F)C=C3F,"InChI=1S/C13H12F2N6O/c14-10-1-2-11(12(15)3-10)13(22,4-20-8-16-6-18-20)5-21-9-17-7-19-21/h1-3,6-9,22H,4-5H2",RFHAOTPXVQNOHP-UHFFFAOYSA-N,,306.1040
InChI,InChIKey,SMILES,Synonyms,PUBCHEM_CID,Molecular formula,Major Isotope Mass,ALogP,Lipinski_Violations,Insecticide_Likeness_Violations,Post_Em_Herbicide_Likeness_Violations,Metabolite ID,cdk:Title,Reaction,Reaction ID,Enzyme(s),Biosystem,Precursor ID,Precursor SMILES,Precursor InChI,Precursor InChIKey,Precursor ALogP,Precursor Major Isotope Mass
"InChI=1S/C19H20F2N6O7/c20-10-1-2-11(12(21)3-10)19(4-26-8-22-6-24-26,5-27-9-23-7-25-27)34-18-15(30)13(28)14(29)16(33-18)17(31)32/h1-3,6-9,13-16,18,28-30H,4-5H2,(H,31,32)",GJQIGLSHRFZUJD-UHFFFAOYSA-N,O(C(CN1C=NC=N1)(CN2C=NC=N2)C3=CC=C(F)C=C3F)C4OC(C(O)=O)C(C(C4O)O)O,,,C19H20F2N6O7,482.13615341999997,-0.7875999999999995,1,1,1,BTM00001,BTM00001,Alkyl-OH-glucuronidation,BTMR0165,Bacterial UDP-glucuronosyltransferase,GUTMICRO,,OC(CN1C=NC=N1)(CN2C=NC=N2)C3=CC=C(F)C=C3F,"InChI=1S/C13H12F2N6O/c14-10-1-2-11(12(15)3-10)13(22,4-20-8-16-6-18-20)5-21-9-17-7-19-21/h1-3,6-9,22H,4-5H2",RFHAOTPXVQNOHP-UHFFFAOYSA-N,,306.1040
"InChI=1S/C19H20F2N6O7/c20-10-1-2-11(12(21)3-10)19(33,4-26-7-22-6-23-26)5-27-9-25(8-24-27)17-15(30)13(28)14(29)16(34-17)18(31)32/h1-3,6-9,13-17,28-30,33H,4-5H2/p+1",GRKCISACHPPHLN-UHFFFAOYSA-O,OC(CN1C=NC=N1)(CN2C=[N+](C=N2)C3C(C(O)C(C(O3)C(O)=O)O)O)C4=CC=C(F)C=C4F,,,[C19H21F2N6O7]+,483.14397845199994,-2.3752999999999997,0,1,1,BTM00002,BTM00002,N-Glucuronidation of azole,BTMR0177,Bacterial UDP-glucuronosyltransferase,GUTMICRO,,OC(CN1C=NC=N1)(CN2C=NC=N2)C3=CC=C(F)C=C3F,"InChI=1S/C13H12F2N6O/c14-10-1-2-11(12(15)3-10)13(22,4-20-8-16-6-18-20)5-21-9-17-7-19-21/h1-3,6-9,22H,4-5H2",RFHAOTPXVQNOHP-UHFFFAOYSA-N,,306.1040
InChI,InChIKey,SMILES,Synonyms,PUBCHEM_CID,Molecular formula,Major Isotope Mass,ALogP,Lipinski_Violations,Insecticide_Likeness_Violations,Post_Em_Herbicide_Likeness_Violations,Metabolite ID,cdk:Title,Reaction,Reaction ID,Enzyme(s),Biosystem,Precursor ID,Precursor SMILES,Precursor InChI,Precursor InChIKey,Precursor ALogP,Precursor Major Isotope Mass
"InChI=1S/C14H12F3IO8/c15-14(16,17)5-3-1-2-4(6(5)18)12(24)26-13-9(21)7(19)8(20)10(25-13)11(22)23/h1-3,7-10,13,19-21H,(H,22,23)",CDNJVRCKUZRQFO-UHFFFAOYSA-N,O=C(OC1OC(C(O)C(O)C1O)C(O)=O)C2=CC=CC(C(F)(F)F)=C2I,,,C14H12F3IO8,491.952900004,1.2594,0,1,1,BTM00001,BTM00001,O-Glucuronidation of aromatic acid,BTMR0168,Bacterial UDP-glucuronosyltransferase,GUTMICRO,,O=C(O)C1=CC=CC(C(F)(F)F)=C1I,"InChI=1S/C8H4F3IO2/c9-8(10,11)5-3-1-2-4(6(5)12)7(13)14/h1-3H,(H,13,14)",DNGSEJLGVHIEEZ-UHFFFAOYSA-N,,315.9208
InChI,InChIKey,SMILES,Synonyms,PUBCHEM_CID,Molecular formula,Major Isotope Mass,ALogP,Lipinski_Violations,Insecticide_Likeness_Violations,Post_Em_Herbicide_Likeness_Violations,Metabolite ID,cdk:Title,Reaction,Reaction ID,Enzyme(s),Biosystem,Precursor ID,Precursor SMILES,Precursor InChI,Precursor InChIKey,Precursor ALogP,Precursor Major Isotope Mass
"InChI=1S/C14H12F3IO8/c15-14(16,17)5-3-1-2-4(6(5)18)12(24)26-13-9(21)7(19)8(20)10(25-13)11(22)23/h1-3,7-10,13,19-21H,(H,22,23)",CDNJVRCKUZRQFO-UHFFFAOYSA-N,O=C(OC1OC(C(O)C(O)C1O)C(O)=O)C2=CC=CC(C(F)(F)F)=C2I,,,C14H12F3IO8,491.952900004,1.2594,0,1,1,BTM00001,BTM00001,O-Glucuronidation of aromatic acid,BTMR0168,Bacterial UDP-glucuronosyltransferase,GUTMICRO,,O=C(O)C1=CC=CC(C(F)(F)F)=C1I,"InChI=1S/C8H4F3IO2/c9-8(10,11)5-3-1-2-4(6(5)12)7(13)14/h1-3H,(H,13,14)",DNGSEJLGVHIEEZ-UHFFFAOYSA-N,,315.9208
InChI,InChIKey,SMILES,Synonyms,PUBCHEM_CID,Molecular formula,Major Isotope Mass,ALogP,Lipinski_Violations,Insecticide_Likeness_Violations,Post_Em_Herbicide_Likeness_Violations,Metabolite ID,cdk:Title,Reaction,Reaction ID,Enzyme(s),Biosystem,Precursor ID,Precursor SMILES,Precursor InChI,Precursor InChIKey,Precursor ALogP,Precursor Major Isotope Mass
"InChI=1S/C14H12F3IO8/c15-14(16,17)5-3-1-2-4(6(5)18)12(24)26-13-9(21)7(19)8(20)10(25-13)11(22)23/h1-3,7-10,13,19-21H,(H,22,23)",CDNJVRCKUZRQFO-UHFFFAOYSA-N,O=C(OC1OC(C(O)C(O)C1O)C(O)=O)C2=CC=CC(C(F)(F)F)=C2I,,,C14H12F3IO8,491.952900004,1.2594,0,1,1,BTM00001,BTM00001,O-Glucuronidation of aromatic acid,BTMR0168,Bacterial UDP-glucuronosyltransferase,GUTMICRO,,O=C(O)C1=CC=CC(C(F)(F)F)=C1I,"InChI=1S/C8H4F3IO2/c9-8(10,11)5-3-1-2-4(6(5)12)7(13)14/h1-3H,(H,13,14)",DNGSEJLGVHIEEZ-UHFFFAOYSA-N,,315.9208
InChI,InChIKey,SMILES,Synonyms,PUBCHEM_CID,Molecular formula,Major Isotope Mass,ALogP,Lipinski_Violations,Insecticide_Likeness_Violations,Post_Em_Herbicide_Likeness_Violations,Metabolite ID,cdk:Title,Reaction,Reaction ID,Enzyme(s),Biosystem,Precursor ID,Precursor SMILES,Precursor InChI,Precursor InChIKey,Precursor ALogP,Precursor Major Isotope Mass
"InChI=1S/C18H22Cl2FNO10S/c1-33(29,30)8-4-2-7(3-5-8)13(9(6-21)22-16(26)15(19)20)31-18-12(25)10(23)11(24)14(32-18)17(27)28/h2-5,9-15,18,23-25H,6H2,1H3,(H,22,26)(H,27,28)",WBGUIGNYVVETHT-UHFFFAOYSA-N,CS(=O)(=O)C1=CC=C(C(OC2OC(C(O)=O)C(C(C2O)O)O)C(CF)NC(=O)C(Cl)Cl)C=C1,,,C18H22Cl2FNO10S,533.032550484,0.05359999999999859,2,1,1,BTM00001,BTM00001,Alkyl-OH-glucuronidation,BTMR0165,Bacterial UDP-glucuronosyltransferase,GUTMICRO,,CS(=O)(=O)C1=CC=C(C(O)C(CF)NC(=O)C(Cl)Cl)C=C1,"InChI=1S/C12H14Cl2FNO4S/c1-21(19,20)8-4-2-7(3-5-8)10(17)9(6-15)16-12(18)11(13)14/h2-5,9-11,17H,6H2,1H3,(H,16,18)",AYIRNRDRBQJXIF-UHFFFAOYSA-N,,357.0004
"InChI=1S/C12H14Cl2FNO7S2/c1-24(18,19)8-4-2-7(3-5-8)10(23-25(20,21)22)9(6-15)16-12(17)11(13)14/h2-5,9-11H,6H2,1H3,(H,16,17)(H,20,21,22)",JMAHBNOGQOXXKD-UHFFFAOYSA-N,CS(=O)(=O)C1=CC=C(C(OS(O)(=O)=O)C(CF)NC(=O)C(Cl)Cl)C=C1,,,C12H14Cl2FNO7S2,436.957277368,1.0123000000000002,0,0,0,BTM00002,BTM00002,Sulfation of secondary alcohol,BTMR0502,SULFOTRANSFERASE,GUTMICRO,,CS(=O)(=O)C1=CC=C(C(O)C(CF)NC(=O)C(Cl)Cl)C=C1,"InChI=1S/C12H14Cl2FNO4S/c1-21(19,20)8-4-2-7(3-5-8)10(17)9(6-15)16-12(18)11(13)14/h2-5,9-11,17H,6H2,1H3,(H,16,18)",AYIRNRDRBQJXIF-UHFFFAOYSA-N,,357.0004
InChI,InChIKey,SMILES,Synonyms,PUBCHEM_CID,Molecular formula,Major Isotope Mass,ALogP,Lipinski_Violations,Insecticide_Likeness_Violations,Post_Em_Herbicide_Likeness_Violations,Metabolite ID,cdk:Title,Reaction,Reaction ID,Enzyme(s),Biosystem,Precursor ID,Precursor SMILES,Precursor InChI,Precursor InChIKey,Precursor ALogP,Precursor Major Isotope Mass
"InChI=1S/C21H19ClF3NO10/c1-8(19(32)36-20-15(29)13(27)14(28)16(35-20)18(30)31)33-10-2-4-11(5-3-10)34-17-12(22)6-9(7-26-17)21(23,24)25/h2-8,13-16,20,27-29H,1H3,(H,30,31)",AJJQRIKIORNRRM-UHFFFAOYSA-N,CC(OC1=CC=C(OC2=NC=C(C(F)(F)F)C=C2Cl)C=C1)C(=O)OC3OC(C(O)C(O)C3O)C(O)=O,,,C21H19ClF3NO10,537.0649581480001,2.7205000000000013,1,1,1,BTM00001,BTM00001,O-Glucuronidation of aliphatic acid,BTMR0167,Bacterial UDP-glucuronosyltransferase,GUTMICRO,,CC(OC1=CC=C(OC2=NC=C(C(F)(F)F)C=C2Cl)C=C1)C(=O)O,"InChI=1S/C15H11ClF3NO4/c1-8(14(21)22)23-10-2-4-11(5-3-10)24-13-12(16)6-9(7-20-13)15(17,18)19/h2-8H,1H3,(H,21,22)",GOCUAJYOYBLQRH-UHFFFAOYSA-N,,361.0328
"InChI=1S/C21H19ClF3NO10/c1-8(19(30)31)34-10-2-4-11(5-3-10)35-17-12(22)6-9(21(23,24)25)7-26(17)18-15(29)13(27)14(28)16(36-18)20(32)33/h2-8,13-16,18,27-29H,1H3,(H-,30,31,32,33)/p+1",MANJHJNULXIYBR-UHFFFAOYSA-O,CC(OC1=CC=C(OC2=[N+](C=C(C(F)(F)F)C=C2Cl)C3OC(C(O)C(O)C3O)C(O)=O)C=C1)C(=O)O,,,[C21H20ClF3NO10]+,538.07278318,1.2903000000000011,1,1,1,BTM00002,BTM00002,N-Glucuronidation of 3-substituted pyridine,BTMR0173,Bacterial UDP-glucuronosyltransferase,GUTMICRO,,CC(OC1=CC=C(OC2=NC=C(C(F)(F)F)C=C2Cl)C=C1)C(=O)O,"InChI=1S/C15H11ClF3NO4/c1-8(14(21)22)23-10-2-4-11(5-3-10)24-13-12(16)6-9(7-20-13)15(17,18)19/h2-8H,1H3,(H,21,22)",GOCUAJYOYBLQRH-UHFFFAOYSA-N,,361.0328
InChI,InChIKey,SMILES,Synonyms,PUBCHEM_CID,Molecular formula,Major Isotope Mass,ALogP,Lipinski_Violations,Insecticide_Likeness_Violations,Post_Em_Herbicide_Likeness_Violations,Metabolite ID,cdk:Title,Reaction,Reaction ID,Enzyme(s),Biosystem,Precursor ID,Precursor SMILES,Precursor InChI,Precursor InChIKey,Precursor ALogP,Precursor Major Isotope Mass
"InChI=1S/C22H20F3N3O8S/c23-22(24,25)15-10-14(11-4-2-1-3-5-11)28(26-15)12-6-8-13(9-7-12)37(34,35)27-20-18(31)16(29)17(30)19(36-20)21(32)33/h1-10,16-20,27,29-31H,(H,32,33)",YMYGFWATPGRPOP-UHFFFAOYSA-N,N(S(=O)(=O)C1=CC=C(N2N=C(C(F)(F)F)C=C2C3=CC=CC=C3)C=C1)C4OC(C(O)C(O)C4O)C(O)=O,,,C22H20F3N3O8S,543.0923202600001,2.2017000000000015,1,1,1,BTM00001,BTM00001,N-Glucuronidation of sulfonamide,BTMR0170,Bacterial UDP-glucuronosyltransferase,GUTMICRO,,NS(=O)(=O)C1=CC=C(N2N=C(C(F)(F)F)C=C2C3=CC=CC=C3)C=C1,"InChI=1S/C16H12F3N3O2S/c17-16(18,19)15-10-14(11-4-2-1-3-5-11)22(21-15)12-6-8-13(9-7-12)25(20,23)24/h1-10H,(H2,20,23,24)",MQPLMBSDWYIIID-UHFFFAOYSA-N,,367.0602
InChI,InChIKey,SMILES,Synonyms,PUBCHEM_CID,Molecular formula,Major Isotope Mass,ALogP,Lipinski_Violations,Insecticide_Likeness_Violations,Post_Em_Herbicide_Likeness_Violations,Metabolite ID,cdk:Title,Reaction,Reaction ID,Enzyme(s),Biosystem,Precursor ID,Precursor SMILES,Precursor InChI,Precursor InChIKey,Precursor ALogP,Precursor Major Isotope Mass
"InChI=1S/C14H9F15O8/c15-8(16,7(35)37-6-3(32)1(30)2(31)4(36-6)5(33)34)9(17,18)10(19,20)11(21,22)12(23,24)13(25,26)14(27,28)29/h1-4,6,30-32H,(H,33,34)",MNCPGRFXZPPWRU-UHFFFAOYSA-N,O=C(OC1OC(C(O)C(O)C1O)C(O)=O)C(F)(F)C(F)(F)C(F)(F)C(F)(F)C(F)(F)C(F)(F)C(F)(F)F,,,C14H9F15O8,590.005790548,2.1124,1,1,1,BTM00001,BTM00001,O-Glucuronidation of aliphatic acid,BTMR0167,Bacterial UDP-glucuronosyltransferase,GUTMICRO,,O=C(O)C(F)(F)C(F)(F)C(F)(F)C(F)(F)C(F)(F)C(F)(F)C(F)(F)F,"InChI=1S/C8HF15O2/c9-2(10,1(24)25)3(11,12)4(13,14)5(15,16)6(17,18)7(19,20)8(21,22)23/h(H,24,25)",SNGREZUHAYWORS-UHFFFAOYSA-N,,413.9737
InChI,InChIKey,SMILES,Synonyms,PUBCHEM_CID,Molecular formula,Major Isotope Mass,ALogP,Lipinski_Violations,Insecticide_Likeness_Violations,Post_Em_Herbicide_Likeness_Violations,Metabolite ID,cdk:Title,Reaction,Reaction ID,Enzyme(s),Biosystem,Precursor ID,Precursor SMILES,Precursor InChI,Precursor InChIKey,Precursor ALogP,Precursor Major Isotope Mass
"InChI=1S/C7HF13O2/c8-2(9,1(21)22)3(10,11)4(12,13)5(14,15)6(16,17)7(18,19)20/h(H,21,22)",ZWBAMYVPMDSJGQ-UHFFFAOYSA-N,O=C(O)C(F)(F)C(F)(F)C(F)(F)C(F)(F)C(F)(F)C(F)(F)F,,,C7HF13O2,363.97689613200004,3.3163,1,0,0,BTM00001,BTM00001,alpha-Oxidation of carboxylic acid,BTMR0276,Unspecified gut bacterial enzyme,GUTMICRO,,O=C(O)CC(F)(F)C(F)(F)C(F)(F)C(F)(F)C(F)(F)C(F)(F)F,"InChI=1S/C8H3F13O2/c9-3(10,1-2(22)23)4(11,12)5(13,14)6(15,16)7(17,18)8(19,20)21/h1H2,(H,22,23)",LRWIIEJPCFNNCZ-UHFFFAOYSA-N,,377.9925
"InChI=1S/C14H11F13O8/c15-9(16,10(17,18)11(19,20)12(21,22)13(23,24)14(25,26)27)1-2(28)34-8-5(31)3(29)4(30)6(35-8)7(32)33/h3-6,8,29-31H,1H2,(H,32,33)",PBNNXPAGLOHLBO-UHFFFAOYSA-N,O=C(OC1OC(C(O)C(O)C1O)C(O)=O)CC(F)(F)C(F)(F)C(F)(F)C(F)(F)C(F)(F)C(F)(F)F,,,C14H11F13O8,554.024634172,1.6556,1,1,1,BTM00002,BTM00002,O-Glucuronidation of aliphatic acid,BTMR0167,Bacterial UDP-glucuronosyltransferase,GUTMICRO,,O=C(O)CC(F)(F)C(F)(F)C(F)(F)C(F)(F)C(F)(F)C(F)(F)F,"InChI=1S/C8H3F13O2/c9-3(10,1-2(22)23)4(11,12)5(13,14)6(15,16)7(17,18)8(19,20)21/h1H2,(H,22,23)",LRWIIEJPCFNNCZ-UHFFFAOYSA-N,,377.9925
InChI,InChIKey,SMILES,Synonyms,PUBCHEM_CID,Molecular formula,Major Isotope Mass,ALogP,Lipinski_Violations,Insecticide_Likeness_Violations,Post_Em_Herbicide_Likeness_Violations,Metabolite ID,cdk:Title,Reaction,Reaction ID,Enzyme(s),Biosystem,Precursor ID,Precursor SMILES,Precursor InChI,Precursor InChIKey,Precursor ALogP,Precursor Major Isotope Mass
"InChI=1S/C23H22F3N3O8S/c1-11-2-4-12(5-3-11)15-10-16(23(24,25)26)27-29(15)13-6-8-14(9-7-13)38(35,36)28-21-19(32)17(30)18(31)20(37-21)22(33)34/h2-10,17-21,28,30-32H,1H3,(H,33,34)",CKDXGSYCWIXIPV-UHFFFAOYSA-N,CC1=CC=C(C2=CC(C(F)(F)F)=NN2C3=CC=C(S(NC4OC(C(O)C(O)C4O)C(O)=O)(=O)=O)C=C3)C=C1,,,C23H22F3N3O8S,557.1079703240001,2.687900000000001,1,1,1,BTM00001,BTM00001,N-Glucuronidation of sulfonamide,BTMR0170,Bacterial UDP-glucuronosyltransferase,GUTMICRO,,CC1=CC=C(C2=CC(C(F)(F)F)=NN2C3=CC=C(S(N)(=O)=O)C=C3)C=C1,"InChI=1S/C17H14F3N3O2S/c1-11-2-4-12(5-3-11)15-10-16(17(18,19)20)22-23(15)13-6-8-14(9-7-13)26(21,24)25/h2-10H,1H3,(H2,21,24,25)",RZEKVGVHFLEQIL-UHFFFAOYSA-N,,381.0758
InChI,InChIKey,SMILES,Synonyms,PUBCHEM_CID,Molecular formula,Major Isotope Mass,ALogP,Lipinski_Violations,Insecticide_Likeness_Violations,Post_Em_Herbicide_Likeness_Violations,Metabolite ID,cdk:Title,Reaction,Reaction ID,Enzyme(s),Biosystem,Precursor ID,Precursor SMILES,Precursor InChI,Precursor InChIKey,Precursor ALogP,Precursor Major Isotope Mass
"InChI=1S/C18H12Cl2F6N4O6/c19-5-1-4(17(21,22)23)2-6(20)9(5)30-14(8(18(24,25)26)7(3-27)29-30)28-15-12(33)10(31)11(32)13(36-15)16(34)35/h1-2,10-13,15,28,31-33H,(H,34,35)",NXHGSUDTICVSJV-UHFFFAOYSA-N,N#CC1=NN(C2=C(Cl)C=C(C(F)(F)F)C=C2Cl)C(NC3OC(C(O)C(O)C3O)C(O)=O)=C1C(F)(F)F,,,C18H12Cl2F6N4O6,564.003808784,3.563999999999999,1,1,1,BTM00001,BTM00001,Glucuronidation of primary aromatic amine,BTMR0171,Bacterial UDP-glucuronosyltransferase,GUTMICRO,,N#CC1=NN(C2=C(Cl)C=C(C(F)(F)F)C=C2Cl)C(N)=C1C(F)(F)F,"InChI=1S/C12H4Cl2F6N4/c13-5-1-4(11(15,16)17)2-6(14)9(5)24-10(22)8(12(18,19)20)7(3-21)23-24/h1-2H,22H2",JWKXVHLIRTVXLD-UHFFFAOYSA-N,,387.9717
InChI,InChIKey,SMILES,Synonyms,PUBCHEM_CID,Molecular formula,Major Isotope Mass,ALogP,Lipinski_Violations,Insecticide_Likeness_Violations,Post_Em_Herbicide_Likeness_Violations,Metabolite ID,cdk:Title,Reaction,Reaction ID,Enzyme(s),Biosystem,Precursor ID,Precursor SMILES,Precursor InChI,Precursor InChIKey,Precursor ALogP,Precursor Major Isotope Mass
"InChI=1S/C12H10F13NO8S/c13-7(14,9(17,18)11(21,22)23)8(15,16)10(19,20)12(24,25)35(32,33)26-5-3(29)1(27)2(28)4(34-5)6(30)31/h1-5,26-29H,(H,30,31)",HDUQOQXYZRJARU-UHFFFAOYSA-N,N(S(=O)(=O)C(F)(F)C(F)(F)C(F)(F)C(F)(F)C(F)(F)C(F)(F)F)C1OC(C(O)C(O)C1O)C(O)=O,,,C12H10F13NO8S,574.9919541400001,1.1753999999999998,1,1,1,BTM00001,BTM00001,N-Glucuronidation of sulfonamide,BTMR0170,Bacterial UDP-glucuronosyltransferase,GUTMICRO,,NS(=O)(=O)C(F)(F)C(F)(F)C(F)(F)C(F)(F)C(F)(F)C(F)(F)F,"InChI=1S/C6H2F13NO2S/c7-1(8,3(11,12)5(15,16)17)2(9,10)4(13,14)6(18,19)23(20,21)22/h(H2,20,21,22)",WDZLGCSJJWEQJO-UHFFFAOYSA-N,,398.9598
InChI,InChIKey,SMILES,Synonyms,PUBCHEM_CID,Molecular formula,Major Isotope Mass,ALogP,Lipinski_Violations,Insecticide_Likeness_Violations,Post_Em_Herbicide_Likeness_Violations,Metabolite ID,cdk:Title,Reaction,Reaction ID,Enzyme(s),Biosystem,Precursor ID,Precursor SMILES,Precursor InChI,Precursor InChIKey,Precursor ALogP,Precursor Major Isotope Mass
"InChI=1S/C12H10F13NO8S/c13-7(14,9(17,18)11(21,22)23)8(15,16)10(19,20)12(24,25)35(32,33)26-5-3(29)1(27)2(28)4(34-5)6(30)31/h1-5,26-29H,(H,30,31)",HDUQOQXYZRJARU-UHFFFAOYSA-N,N(S(=O)(=O)C(F)(F)C(F)(F)C(F)(F)C(F)(F)C(F)(F)C(F)(F)F)C1OC(C(O)C(O)C1O)C(O)=O,,,C12H10F13NO8S,574.9919541400001,1.1753999999999998,1,1,1,BTM00001,BTM00001,N-Glucuronidation of sulfonamide,BTMR0170,Bacterial UDP-glucuronosyltransferase,GUTMICRO,,NS(=O)(=O)C(F)(F)C(F)(F)C(F)(F)C(F)(F)C(F)(F)C(F)(F)F,"InChI=1S/C6H2F13NO2S/c7-1(8,3(11,12)5(15,16)17)2(9,10)4(13,14)6(18,19)23(20,21)22/h(H2,20,21,22)",WDZLGCSJJWEQJO-UHFFFAOYSA-N,,398.9598
InChI,InChIKey,SMILES,Synonyms,PUBCHEM_CID,Molecular formula,Major Isotope Mass,ALogP,Lipinski_Violations,Insecticide_Likeness_Violations,Post_Em_Herbicide_Likeness_Violations,Metabolite ID,cdk:Title,Reaction,Reaction ID,Enzyme(s),Biosystem,Precursor ID,Precursor SMILES,Precursor InChI,Precursor InChIKey,Precursor ALogP,Precursor Major Isotope Mass
"InChI=1S/C17H20FN3O6S/c18-13-7-11-14(21(10-1-2-10)9-12(16(11)22)17(23)24)8-15(13)19-3-5-20(6-4-19)28(25,26)27/h7-8,10,12H,1-6,9H2,(H,23,24)(H,25,26,27)",MCCFAFCYBGBMRA-UHFFFAOYSA-N,O=C(O)C1CN(C2CC2)C3=CC(N4CCN(S(=O)(=O)O)CC4)=C(F)C=C3C1=O,,,C17H20FN3O6S,413.10568458,0.549400000000003,0,0,0,BTM00001,BTM00001,"Reduction of alpha,beta-unsaturated carbon-carbon double bond adjacent to electron withdrawing group",BTMR1209,EC 1.6.99.1,GUTMICRO,,O=C(O)C1=CN(C2CC2)C3=CC(N4CCN(S(=O)(=O)O)CC4)=C(F)C=C3C1=O,"InChI=1S/C17H18FN3O6S/c18-13-7-11-14(21(10-1-2-10)9-12(16(11)22)17(23)24)8-15(13)19-3-5-20(6-4-19)28(25,26)27/h7-10H,1-6H2,(H,23,24)(H,25,26,27)",SDLYZOYQWKDWJG-UHFFFAOYSA-N,,411.0900
"InChI=1S/C23H26FN3O12S/c24-13-7-11-14(8-15(13)25-3-5-26(6-4-25)40(35,36)37)27(10-1-2-10)9-12(16(11)28)22(34)39-23-19(31)17(29)18(30)20(38-23)21(32)33/h7-10,17-20,23,29-31H,1-6H2,(H,32,33)(H,35,36,37)",MZQNAVVFADGTDS-UHFFFAOYSA-N,O=C(OC1OC(C(O)C(O)C1O)C(O)=O)C2=CN(C3CC3)C4=CC(N5CCN(S(=O)(=O)O)CC5)=C(F)C=C4C2=O,,,C23H26FN3O12S,587.122122492,-0.5734999999999996,2,1,1,BTM00002,BTM00002,O-Glucuronidation of aliphatic acid,BTMR0167,Bacterial UDP-glucuronosyltransferase,GUTMICRO,,O=C(O)C1=CN(C2CC2)C3=CC(N4CCN(S(=O)(=O)O)CC4)=C(F)C=C3C1=O,"InChI=1S/C17H18FN3O6S/c18-13-7-11-14(21(10-1-2-10)9-12(16(11)22)17(23)24)8-15(13)19-3-5-20(6-4-19)28(25,26)27/h7-10H,1-6H2,(H,23,24)(H,25,26,27)",SDLYZOYQWKDWJG-UHFFFAOYSA-N,,411.0900
InChI,InChIKey,SMILES,Synonyms,PUBCHEM_CID,Molecular formula,Major Isotope Mass,ALogP,Lipinski_Violations,Insecticide_Likeness_Violations,Post_Em_Herbicide_Likeness_Violations,Metabolite ID,cdk:Title,Reaction,Reaction ID,Enzyme(s),Biosystem,Precursor ID,Precursor SMILES,Precursor InChI,Precursor InChIKey,Precursor ALogP,Precursor Major Isotope Mass
"InChI=1S/C18H12Cl2F6N4O6S/c19-5-1-4(17(21,22)23)2-6(20)8(5)30-14(13(7(3-27)29-30)37-18(24,25)26)28-15-11(33)9(31)10(32)12(36-15)16(34)35/h1-2,9-12,15,28,31-33H,(H,34,35)",UOMYQJNKZZRZMJ-UHFFFAOYSA-N,N#CC1=NN(C2=C(Cl)C=C(C(F)(F)F)C=C2Cl)C(NC3OC(C(O)C(O)C3O)C(O)=O)=C1SC(F)(F)F,,,C18H12Cl2F6N4O6S,595.975879784,5.2998,1,1,1,BTM00001,BTM00001,Glucuronidation of primary aromatic amine,BTMR0171,Bacterial UDP-glucuronosyltransferase,GUTMICRO,,N#CC1=NN(C2=C(Cl)C=C(C(F)(F)F)C=C2Cl)C(N)=C1SC(F)(F)F,"InChI=1S/C12H4Cl2F6N4S/c13-5-1-4(11(15,16)17)2-6(14)8(5)24-10(22)9(7(3-21)23-24)25-12(18,19)20/h1-2H,22H2",FQXWEKADCSXYOC-UHFFFAOYSA-N,,419.9437
InChI,InChIKey,SMILES,Synonyms,PUBCHEM_CID,Molecular formula,Major Isotope Mass,ALogP,Lipinski_Violations,Insecticide_Likeness_Violations,Post_Em_Herbicide_Likeness_Violations,Metabolite ID,cdk:Title,Reaction,Reaction ID,Enzyme(s),Biosystem,Precursor ID,Precursor SMILES,Precursor InChI,Precursor InChIKey,Precursor ALogP,Precursor Major Isotope Mass
"InChI=1S/C18H12Cl2F6N4O6S/c19-5-1-4(17(21,22)23)2-6(20)8(5)30-14(13(7(3-27)29-30)37-18(24,25)26)28-15-11(33)9(31)10(32)12(36-15)16(34)35/h1-2,9-12,15,28,31-33H,(H,34,35)",UOMYQJNKZZRZMJ-UHFFFAOYSA-N,N#CC1=NN(C2=C(Cl)C=C(C(F)(F)F)C=C2Cl)C(NC3OC(C(O)C(O)C3O)C(O)=O)=C1SC(F)(F)F,,,C18H12Cl2F6N4O6S,595.975879784,5.2998,1,1,1,BTM00001,BTM00001,Glucuronidation of primary aromatic amine,BTMR0171,Bacterial UDP-glucuronosyltransferase,GUTMICRO,,N#CC1=NN(C2=C(Cl)C=C(C(F)(F)F)C=C2Cl)C(N)=C1SC(F)(F)F,"InChI=1S/C12H4Cl2F6N4S/c13-5-1-4(11(15,16)17)2-6(14)8(5)24-10(22)9(7(3-21)23-24)25-12(18,19)20/h1-2H,22H2",FQXWEKADCSXYOC-UHFFFAOYSA-N,,419.9437
InChI,InChIKey,SMILES,Synonyms,PUBCHEM_CID,Molecular formula,Major Isotope Mass,ALogP,Lipinski_Violations,Insecticide_Likeness_Violations,Post_Em_Herbicide_Likeness_Violations,Metabolite ID,cdk:Title,Reaction,Reaction ID,Enzyme(s),Biosystem,Precursor ID,Precursor SMILES,Precursor InChI,Precursor InChIKey,Precursor ALogP,Precursor Major Isotope Mass
"InChI=1S/C18H12Cl2F6N4O6S/c19-5-1-4(17(21,22)23)2-6(20)8(5)30-14(13(7(3-27)29-30)37-18(24,25)26)28-15-11(33)9(31)10(32)12(36-15)16(34)35/h1-2,9-12,15,28,31-33H,(H,34,35)",UOMYQJNKZZRZMJ-UHFFFAOYSA-N,N#CC1=NN(C2=C(Cl)C=C(C(F)(F)F)C=C2Cl)C(NC3OC(C(O)C(O)C3O)C(O)=O)=C1SC(F)(F)F,,,C18H12Cl2F6N4O6S,595.975879784,5.2998,1,1,1,BTM00001,BTM00001,Glucuronidation of primary aromatic amine,BTMR0171,Bacterial UDP-glucuronosyltransferase,GUTMICRO,,N#CC1=NN(C2=C(Cl)C=C(C(F)(F)F)C=C2Cl)C(N)=C1SC(F)(F)F,"InChI=1S/C12H4Cl2F6N4S/c13-5-1-4(11(15,16)17)2-6(14)8(5)24-10(22)9(7(3-21)23-24)25-12(18,19)20/h1-2H,22H2",FQXWEKADCSXYOC-UHFFFAOYSA-N,,419.9437
InChI,InChIKey,SMILES,Synonyms,PUBCHEM_CID,Molecular formula,Major Isotope Mass,ALogP,Lipinski_Violations,Insecticide_Likeness_Violations,Post_Em_Herbicide_Likeness_Violations,Metabolite ID,cdk:Title,Reaction,Reaction ID,Enzyme(s),Biosystem,Precursor ID,Precursor SMILES,Precursor InChI,Precursor InChIKey,Precursor ALogP,Precursor Major Isotope Mass
"InChI=1S/C24H22F4N2O10S/c1-23(10-41(37,38)14-6-3-12(25)4-7-14,40-21-18(33)16(31)17(32)19(39-21)20(34)35)22(36)30-13-5-2-11(9-29)15(8-13)24(26,27)28/h2-8,16-19,21,31-33H,10H2,1H3,(H,30,36)(H,34,35)",OYKHNYWINRLUAP-UHFFFAOYSA-N,CC(OC1OC(C(O)=O)C(C(C1O)O)O)(CS(=O)(=O)C2=CC=C(F)C=C2)C(O)=NC3=CC=C(C#N)C(C(F)(F)F)=C3,,,C24H22F4N2O10S,606.0931287840001,1.7015999999999982,2,1,1,BTM00001,BTM00001,Alkyl-OH-glucuronidation,BTMR0165,Bacterial UDP-glucuronosyltransferase,GUTMICRO,,CC(O)(CS(=O)(=O)C1=CC=C(F)C=C1)C(O)=NC2=CC=C(C#N)C(C(F)(F)F)=C2,"InChI=1S/C18H14F4N2O4S/c1-17(26,10-29(27,28)14-6-3-12(19)4-7-14)16(25)24-13-5-2-11(9-23)15(8-13)18(20,21)22/h2-8,26H,10H2,1H3,(H,24,25)",LKJPYSCBVHEWIU-UHFFFAOYSA-N,,430.0610
InChI,InChIKey,SMILES,Synonyms,PUBCHEM_CID,Molecular formula,Major Isotope Mass,ALogP,Lipinski_Violations,Insecticide_Likeness_Violations,Post_Em_Herbicide_Likeness_Violations,Metabolite ID,cdk:Title,Reaction,Reaction ID,Enzyme(s),Biosystem,Precursor ID,Precursor SMILES,Precursor InChI,Precursor InChIKey,Precursor ALogP,Precursor Major Isotope Mass
"InChI=1S/C18H12Cl2F6N4O7S/c19-5-1-4(17(21,22)23)2-6(20)8(5)30-14(13(7(3-27)29-30)38(36)18(24,25)26)28-15-11(33)9(31)10(32)12(37-15)16(34)35/h1-2,9-12,15,28,31-33H,(H,34,35)",XIVSBDOCNZQAJA-UHFFFAOYSA-N,N#CC1=NN(C2=C(Cl)C=C(C(F)(F)F)C=C2Cl)C(NC3OC(C(O)C(O)C3O)C(O)=O)=C1S(=O)C(F)(F)F,,,C18H12Cl2F6N4O7S,611.970794404,4.188000000000001,1,1,1,BTM00001,BTM00001,Glucuronidation of primary aromatic amine,BTMR0171,Bacterial UDP-glucuronosyltransferase,GUTMICRO,,N#CC1=NN(C2=C(Cl)C=C(C(F)(F)F)C=C2Cl)C(N)=C1S(=O)C(F)(F)F,"InChI=1S/C12H4Cl2F6N4OS/c13-5-1-4(11(15,16)17)2-6(14)8(5)24-10(22)9(7(3-21)23-24)26(25)12(18,19)20/h1-2H,22H2",ZOCSXAVNDGMNBV-UHFFFAOYSA-N,,435.9387
InChI,InChIKey,SMILES,Synonyms,PUBCHEM_CID,Molecular formula,Major Isotope Mass,ALogP,Lipinski_Violations,Insecticide_Likeness_Violations,Post_Em_Herbicide_Likeness_Violations,Metabolite ID,cdk:Title,Reaction,Reaction ID,Enzyme(s),Biosystem,Precursor ID,Precursor SMILES,Precursor InChI,Precursor InChIKey,Precursor ALogP,Precursor Major Isotope Mass
"InChI=1S/C18H12Cl2F6N4O8S/c19-5-1-4(17(21,22)23)2-6(20)8(5)30-14(13(7(3-27)29-30)39(36,37)18(24,25)26)28-15-11(33)9(31)10(32)12(38-15)16(34)35/h1-2,9-12,15,28,31-33H,(H,34,35)",LILOENIDEALJCA-UHFFFAOYSA-N,N#CC1=NN(C2=C(Cl)C=C(C(F)(F)F)C=C2Cl)C(NC3OC(C(O)C(O)C3O)C(O)=O)=C1S(=O)(=O)C(F)(F)F,,,C18H12Cl2F6N4O8S,627.9657090239999,4.284000000000001,2,1,1,BTM00001,BTM00001,Glucuronidation of primary aromatic amine,BTMR0171,Bacterial UDP-glucuronosyltransferase,GUTMICRO,,N#CC1=NN(C2=C(Cl)C=C(C(F)(F)F)C=C2Cl)C(N)=C1S(=O)(=O)C(F)(F)F,"InChI=1S/C12H4Cl2F6N4O2S/c13-5-1-4(11(15,16)17)2-6(14)8(5)24-10(22)9(7(3-21)23-24)27(25,26)12(18,19)20/h1-2H,22H2",LGHZJDKSVUTELU-UHFFFAOYSA-N,,451.9336
InChI,InChIKey,SMILES,Synonyms,PUBCHEM_CID,Molecular formula,Major Isotope Mass,ALogP,Lipinski_Violations,Insecticide_Likeness_Violations,Post_Em_Herbicide_Likeness_Violations,Metabolite ID,cdk:Title,Reaction,Reaction ID,Enzyme(s),Biosystem,Precursor ID,Precursor SMILES,Precursor InChI,Precursor InChIKey,Precursor ALogP,Precursor Major Isotope Mass
"InChI=1S/C18H12Cl2F6N4O8S/c19-5-1-4(17(21,22)23)2-6(20)8(5)30-14(13(7(3-27)29-30)39(36,37)18(24,25)26)28-15-11(33)9(31)10(32)12(38-15)16(34)35/h1-2,9-12,15,28,31-33H,(H,34,35)",LILOENIDEALJCA-UHFFFAOYSA-N,N#CC1=NN(C2=C(Cl)C=C(C(F)(F)F)C=C2Cl)C(NC3OC(C(O)C(O)C3O)C(O)=O)=C1S(=O)(=O)C(F)(F)F,,,C18H12Cl2F6N4O8S,627.9657090239999,4.284000000000001,2,1,1,BTM00001,BTM00001,Glucuronidation of primary aromatic amine,BTMR0171,Bacterial UDP-glucuronosyltransferase,GUTMICRO,,N#CC1=NN(C2=C(Cl)C=C(C(F)(F)F)C=C2Cl)C(N)=C1S(=O)(=O)C(F)(F)F,"InChI=1S/C12H4Cl2F6N4O2S/c13-5-1-4(11(15,16)17)2-6(14)8(5)24-10(22)9(7(3-21)23-24)27(25,26)12(18,19)20/h1-2H,22H2",LGHZJDKSVUTELU-UHFFFAOYSA-N,,451.9336
InChI,InChIKey,SMILES,Synonyms,PUBCHEM_CID,Molecular formula,Major Isotope Mass,ALogP,Lipinski_Violations,Insecticide_Likeness_Violations,Post_Em_Herbicide_Likeness_Violations,Metabolite ID,cdk:Title,Reaction,Reaction ID,Enzyme(s),Biosystem,Precursor ID,Precursor SMILES,Precursor InChI,Precursor InChIKey,Precursor ALogP,Precursor Major Isotope Mass
"InChI=1S/C21H26FN3O6S/c1-12(2)18-16(10-9-15(26)11-17(27)20(28)29)19(13-5-7-14(22)8-6-13)24-21(23-18)25(3)32(4,30)31/h5-10,12,15,17,26-27H,11H2,1-4H3,(H,28,29)/b10-9+",NPMKPRJISWHJJS-MDZDMXLPSA-N,CC(C)C1=NC(N(C)S(C)(=O)=O)=NC(C2=CC=C(F)C=C2)=C1C=CC(O)CC(O)C(=O)O,,,C21H26FN3O6S,467.15263477200006,2.366900000000003,0,1,1,BTM00001,BTM00001,alpha-Oxidation of carboxylic acid,BTMR0276,Unspecified gut bacterial enzyme,GUTMICRO,,CC(C)C1=NC(N(C)S(C)(=O)=O)=NC(C2=CC=C(F)C=C2)=C1C=CC(O)CC(O)CC(=O)O,"InChI=1S/C22H28FN3O6S/c1-13(2)20-18(10-9-16(27)11-17(28)12-19(29)30)21(14-5-7-15(23)8-6-14)25-22(24-20)26(3)33(4,31)32/h5-10,13,16-17,27-28H,11-12H2,1-4H3,(H,29,30)",BPRHUIZQVSMCRT-UHFFFAOYSA-N,,481.1682
"InChI=1S/C28H36FN3O12S/c1-13(2)20-18(21(14-5-7-15(29)8-6-14)31-28(30-20)32(3)45(4,41)42)10-9-16(33)11-17(12-19(34)35)43-27-24(38)22(36)23(37)25(44-27)26(39)40/h5-10,13,16-17,22-25,27,33,36-38H,11-12H2,1-4H3,(H,34,35)(H,39,40)/b10-9+",IGWVJEXCAALGFM-MDZDMXLPSA-N,CC(C)C1=NC(N(C)S(C)(=O)=O)=NC(C2=CC=C(F)C=C2)=C1C=CC(O)CC(OC3OC(C(O)=O)C(C(C3O)O)O)CC(=O)O,,,C28H36FN3O12S,657.200372812,0.8636999999999992,3,2,2,BTM00002,BTM00002,Alkyl-OH-glucuronidation,BTMR0165,Bacterial UDP-glucuronosyltransferase,GUTMICRO,,CC(C)C1=NC(N(C)S(C)(=O)=O)=NC(C2=CC=C(F)C=C2)=C1C=CC(O)CC(O)CC(=O)O,"InChI=1S/C22H28FN3O6S/c1-13(2)20-18(10-9-16(27)11-17(28)12-19(29)30)21(14-5-7-15(23)8-6-14)25-22(24-20)26(3)33(4,31)32/h5-10,13,16-17,27-28H,11-12H2,1-4H3,(H,29,30)",BPRHUIZQVSMCRT-UHFFFAOYSA-N,,481.1682
"InChI=1S/C28H36FN3O12S/c1-13(2)20-18(21(14-5-7-15(29)8-6-14)31-28(30-20)32(3)45(4,41)42)10-9-17(11-16(33)12-19(34)35)43-27-24(38)22(36)23(37)25(44-27)26(39)40/h5-10,13,16-17,22-25,27,33,36-38H,11-12H2,1-4H3,(H,34,35)(H,39,40)/b10-9+",KBVBAJWZZPFKGG-MDZDMXLPSA-N,CC(C)C1=NC(N(C)S(C)(=O)=O)=NC(C2=CC=C(F)C=C2)=C1C=CC(OC3OC(C(O)=O)C(C(C3O)O)O)CC(O)CC(=O)O,,,C28H36FN3O12S,657.2003728120001,0.8636999999999992,3,2,2,BTM00003,BTM00003,Alkyl-OH-glucuronidation,BTMR0165,Bacterial UDP-glucuronosyltransferase,GUTMICRO,,CC(C)C1=NC(N(C)S(C)(=O)=O)=NC(C2=CC=C(F)C=C2)=C1C=CC(O)CC(O)CC(=O)O,"InChI=1S/C22H28FN3O6S/c1-13(2)20-18(10-9-16(27)11-17(28)12-19(29)30)21(14-5-7-15(23)8-6-14)25-22(24-20)26(3)33(4,31)32/h5-10,13,16-17,27-28H,11-12H2,1-4H3,(H,29,30)",BPRHUIZQVSMCRT-UHFFFAOYSA-N,,481.1682
"InChI=1S/C28H36FN3O12S/c1-13(2)20-18(21(14-5-7-15(29)8-6-14)31-28(30-20)32(3)45(4,41)42)10-9-16(33)11-17(34)12-19(35)43-27-24(38)22(36)23(37)25(44-27)26(39)40/h5-10,13,16-17,22-25,27,33-34,36-38H,11-12H2,1-4H3,(H,39,40)/b10-9+",AWGDNYJLUILGBY-MDZDMXLPSA-N,CC(C)C1=NC(N(C)S(C)(=O)=O)=NC(C2=CC=C(F)C=C2)=C1C=CC(O)CC(O)CC(=O)OC3OC(C(O)C(O)C3O)C(O)=O,,,C28H36FN3O12S,657.2003728120001,0.7061999999999995,3,2,2,BTM00004,BTM00004,O-Glucuronidation of aliphatic acid,BTMR0167,Bacterial UDP-glucuronosyltransferase,GUTMICRO,,CC(C)C1=NC(N(C)S(C)(=O)=O)=NC(C2=CC=C(F)C=C2)=C1C=CC(O)CC(O)CC(=O)O,"InChI=1S/C22H28FN3O6S/c1-13(2)20-18(10-9-16(27)11-17(28)12-19(29)30)21(14-5-7-15(23)8-6-14)25-22(24-20)26(3)33(4,31)32/h5-10,13,16-17,27-28H,11-12H2,1-4H3,(H,29,30)",BPRHUIZQVSMCRT-UHFFFAOYSA-N,,481.1682
"InChI=1S/C22H28FN3O9S2/c1-13(2)20-18(10-9-16(27)11-17(12-19(28)29)35-37(32,33)34)21(14-5-7-15(23)8-6-14)25-22(24-20)26(3)36(4,30)31/h5-10,13,16-17,27H,11-12H2,1-4H3,(H,28,29)(H,32,33,34)/b10-9+",FSUBPULQZKEZKK-MDZDMXLPSA-N,CC(C)C1=NC(N(C)S(C)(=O)=O)=NC(C2=CC=C(F)C=C2)=C1C=CC(O)CC(OS(O)(=O)=O)CC(=O)O,,,C22H28FN3O9S2,561.125099696,1.8224000000000031,2,1,1,BTM00005,BTM00005,Sulfation of secondary alcohol,BTMR0502,SULFOTRANSFERASE,GUTMICRO,,CC(C)C1=NC(N(C)S(C)(=O)=O)=NC(C2=CC=C(F)C=C2)=C1C=CC(O)CC(O)CC(=O)O,"InChI=1S/C22H28FN3O6S/c1-13(2)20-18(10-9-16(27)11-17(28)12-19(29)30)21(14-5-7-15(23)8-6-14)25-22(24-20)26(3)33(4,31)32/h5-10,13,16-17,27-28H,11-12H2,1-4H3,(H,29,30)",BPRHUIZQVSMCRT-UHFFFAOYSA-N,,481.1682
"InChI=1S/C22H28FN3O9S2/c1-13(2)20-18(10-9-17(35-37(32,33)34)11-16(27)12-19(28)29)21(14-5-7-15(23)8-6-14)25-22(24-20)26(3)36(4,30)31/h5-10,13,16-17,27H,11-12H2,1-4H3,(H,28,29)(H,32,33,34)/b10-9+",BDUHFCJZFIDWDS-MDZDMXLPSA-N,CC(C)C1=NC(N(C)S(C)(=O)=O)=NC(C2=CC=C(F)C=C2)=C1C=CC(OS(O)(=O)=O)CC(O)CC(=O)O,,,C22H28FN3O9S2,561.125099696,1.8224000000000031,2,1,1,BTM00006,BTM00006,Sulfation of secondary alcohol,BTMR0502,SULFOTRANSFERASE,GUTMICRO,,CC(C)C1=NC(N(C)S(C)(=O)=O)=NC(C2=CC=C(F)C=C2)=C1C=CC(O)CC(O)CC(=O)O,"InChI=1S/C22H28FN3O6S/c1-13(2)20-18(10-9-16(27)11-17(28)12-19(29)30)21(14-5-7-15(23)8-6-14)25-22(24-20)26(3)33(4,31)32/h5-10,13,16-17,27-28H,11-12H2,1-4H3,(H,29,30)",BPRHUIZQVSMCRT-UHFFFAOYSA-N,,481.1682
InChI,InChIKey,SMILES,Synonyms,PUBCHEM_CID,Molecular formula,Major Isotope Mass,ALogP,Lipinski_Violations,Insecticide_Likeness_Violations,Post_Em_Herbicide_Likeness_Violations,Metabolite ID,cdk:Title,Reaction,Reaction ID,Enzyme(s),Biosystem,Precursor ID,Precursor SMILES,Precursor InChI,Precursor InChIKey,Precursor ALogP,Precursor Major Isotope Mass
"InChI=1S/C14H10F17NO8S/c15-7(16,9(19,20)11(23,24)13(27,28)29)8(17,18)10(21,22)12(25,26)14(30,31)41(38,39)32-5-3(35)1(33)2(34)4(40-5)6(36)37/h1-5,32-35H,(H,36,37)",IPKOVEZGKHRULD-UHFFFAOYSA-N,N(S(=O)(=O)C(F)(F)C(F)(F)C(F)(F)C(F)(F)C(F)(F)C(F)(F)C(F)(F)C(F)(F)F)C1OC(C(O)C(O)C1O)C(O)=O,,,C14H10F17NO8S,674.98556702,2.1586,2,1,1,BTM00001,BTM00001,N-Glucuronidation of sulfonamide,BTMR0170,Bacterial UDP-glucuronosyltransferase,GUTMICRO,,NS(=O)(=O)C(F)(F)C(F)(F)C(F)(F)C(F)(F)C(F)(F)C(F)(F)C(F)(F)C(F)(F)F,"InChI=1S/C8H2F17NO2S/c9-1(10,3(13,14)5(17,18)7(21,22)23)2(11,12)4(15,16)6(19,20)8(24,25)29(26,27)28/h(H2,26,27,28)",RRRXPPIDPYTNJG-UHFFFAOYSA-N,,498.9534
InChI,InChIKey,SMILES,Synonyms,PUBCHEM_CID,Molecular formula,Major Isotope Mass,ALogP,Lipinski_Violations,Insecticide_Likeness_Violations,Post_Em_Herbicide_Likeness_Violations,Metabolite ID,cdk:Title,Reaction,Reaction ID,Enzyme(s),Biosystem,Precursor ID,Precursor SMILES,Precursor InChI,Precursor InChIKey,Precursor ALogP,Precursor Major Isotope Mass
"InChI=1S/C14H10F17NO8S/c15-7(16,9(19,20)11(23,24)13(27,28)29)8(17,18)10(21,22)12(25,26)14(30,31)41(38,39)32-5-3(35)1(33)2(34)4(40-5)6(36)37/h1-5,32-35H,(H,36,37)",IPKOVEZGKHRULD-UHFFFAOYSA-N,N(S(=O)(=O)C(F)(F)C(F)(F)C(F)(F)C(F)(F)C(F)(F)C(F)(F)C(F)(F)C(F)(F)F)C1OC(C(O)C(O)C1O)C(O)=O,,,C14H10F17NO8S,674.98556702,2.1586,2,1,1,BTM00001,BTM00001,N-Glucuronidation of sulfonamide,BTMR0170,Bacterial UDP-glucuronosyltransferase,GUTMICRO,,NS(=O)(=O)C(F)(F)C(F)(F)C(F)(F)C(F)(F)C(F)(F)C(F)(F)C(F)(F)C(F)(F)F,"InChI=1S/C8H2F17NO2S/c9-1(10,3(13,14)5(17,18)7(21,22)23)2(11,12)4(15,16)6(19,20)8(24,25)29(26,27)28/h(H2,26,27,28)",RRRXPPIDPYTNJG-UHFFFAOYSA-N,,498.9534
InChI,InChIKey,SMILES,Synonyms,PUBCHEM_CID,Molecular formula,Major Isotope Mass,ALogP,Lipinski_Violations,Insecticide_Likeness_Violations,Post_Em_Herbicide_Likeness_Violations,Metabolite ID,cdk:Title,Reaction,Reaction ID,Enzyme(s),Biosystem,Precursor ID,Precursor SMILES,Precursor InChI,Precursor InChIKey,Precursor ALogP,Precursor Major Isotope Mass
"InChI=1S/C16H14F17NO8S/c1-2-34(7-5(37)3(35)4(36)6(42-7)8(38)39)43(40,41)16(32,33)14(27,28)12(23,24)10(19,20)9(17,18)11(21,22)13(25,26)15(29,30)31/h3-7,35-37H,2H2,1H3,(H,38,39)",ZKDDAWQIQHJUMZ-UHFFFAOYSA-N,O=S(N(CC)C1OC(C(O)C(O)C1O)C(O)=O)(C(F)(C(F)(C(F)(C(F)(C(F)(C(F)(C(F)(C(F)(F)F)F)F)F)F)F)F)F)=O,,,C16H14F17NO8S,703.0168671480001,2.7133000000000007,2,1,1,BTM00001,BTM00001,N-Glucuronidation of sulfonamide,BTMR0170,Bacterial UDP-glucuronosyltransferase,GUTMICRO,,O=S(NCC)(C(F)(C(F)(C(F)(C(F)(C(F)(C(F)(C(F)(C(F)(F)F)F)F)F)F)F)F)F)=O,"InChI=1S/C10H6F17NO2S/c1-2-28-31(29,30)10(26,27)8(21,22)6(17,18)4(13,14)3(11,12)5(15,16)7(19,20)9(23,24)25/h28H,2H2,1H3",CCEKAJIANROZEO-UHFFFAOYSA-N,,526.9847
InChI,InChIKey,SMILES,Synonyms,PUBCHEM_CID,Molecular formula,Major Isotope Mass,ALogP,Lipinski_Violations,Insecticide_Likeness_Violations,Post_Em_Herbicide_Likeness_Violations,Metabolite ID,cdk:Title,Reaction,Reaction ID,Enzyme(s),Biosystem,Precursor ID,Precursor SMILES,Precursor InChI,Precursor InChIKey,Precursor ALogP,Precursor Major Isotope Mass
"InChI=1S/C16H14F17NO8S/c1-2-34(7-5(37)3(35)4(36)6(42-7)8(38)39)43(40,41)16(32,33)14(27,28)12(23,24)10(19,20)9(17,18)11(21,22)13(25,26)15(29,30)31/h3-7,35-37H,2H2,1H3,(H,38,39)",ZKDDAWQIQHJUMZ-UHFFFAOYSA-N,O=S(N(CC)C1OC(C(O)C(O)C1O)C(O)=O)(C(F)(C(F)(C(F)(C(F)(C(F)(C(F)(C(F)(C(F)(F)F)F)F)F)F)F)F)F)=O,,,C16H14F17NO8S,703.0168671480001,2.7133000000000007,2,1,1,BTM00001,BTM00001,N-Glucuronidation of sulfonamide,BTMR0170,Bacterial UDP-glucuronosyltransferase,GUTMICRO,,O=S(NCC)(C(F)(C(F)(C(F)(C(F)(C(F)(C(F)(C(F)(C(F)(F)F)F)F)F)F)F)F)F)=O,"InChI=1S/C10H6F17NO2S/c1-2-28-31(29,30)10(26,27)8(21,22)6(17,18)4(13,14)3(11,12)5(15,16)7(19,20)9(23,24)25/h28H,2H2,1H3",CCEKAJIANROZEO-UHFFFAOYSA-N,,526.9847
InChI,InChIKey,SMILES,Synonyms,PUBCHEM_CID,Molecular formula,Major Isotope Mass,ALogP,Lipinski_Violations,Insecticide_Likeness_Violations,Post_Em_Herbicide_Likeness_Violations,Metabolite ID,cdk:Title,Reaction,Reaction ID,Enzyme(s),Biosystem,Precursor ID,Precursor SMILES,Precursor InChI,Precursor InChIKey,Precursor ALogP,Precursor Major Isotope Mass
"InChI=1S/C32H33FN2O5/c1-20(2)29-28(31(38)34-24-11-7-4-8-12-24)27(21-9-5-3-6-10-21)30(22-13-15-23(33)16-14-22)35(29)18-17-25(36)19-26(37)32(39)40/h3-16,20,25-26,36-37H,17-19H2,1-2H3,(H,34,38)(H,39,40)",ZISSBPRTYUUWDH-UHFFFAOYSA-N,CC(C)C1=C(C(=O)NC2=CC=CC=C2)C(C3=CC=CC=C3)=C(C4=CC=C(F)C=C4)N1CCC(O)CC(O)C(=O)O,,,C32H33FN2O5,544.237350376,5.495799999999998,2,1,1,BTM00001,BTM00001,alpha-Oxidation of carboxylic acid,BTMR0276,Unspecified gut bacterial enzyme,GUTMICRO,,CC(C)C1=C(C(=O)NC2=CC=CC=C2)C(C3=CC=CC=C3)=C(C4=CC=C(F)C=C4)N1CCC(O)CC(O)CC(=O)O,"InChI=1S/C33H35FN2O5/c1-21(2)31-30(33(41)35-25-11-7-4-8-12-25)29(22-9-5-3-6-10-22)32(23-13-15-24(34)16-14-23)36(31)18-17-26(37)19-27(38)20-28(39)40/h3-16,21,26-27,37-38H,17-20H2,1-2H3,(H,35,41)(H,39,40)",XUKUURHRXDUEBC-UHFFFAOYSA-N,,558.2530
"InChI=1S/C39H43FN2O11/c1-21(2)31-30(37(49)41-25-11-7-4-8-12-25)29(22-9-5-3-6-10-22)32(23-13-15-24(40)16-14-23)42(31)18-17-26(43)19-27(20-28(44)45)52-39-35(48)33(46)34(47)36(53-39)38(50)51/h3-16,21,26-27,33-36,39,43,46-48H,17-20H2,1-2H3,(H,41,49)(H,44,45)(H,50,51)",ZAYBUEHRAFVXIV-UHFFFAOYSA-N,CC(C)C1=C(C(=O)NC2=CC=CC=C2)C(C3=CC=CC=C3)=C(C4=CC=C(F)C=C4)N1CCC(O)CC(OC5OC(C(O)=O)C(C(C5O)O)O)CC(=O)O,,,C39H43FN2O11,734.2850884159999,3.9926000000000026,3,2,2,BTM00002,BTM00002,Alkyl-OH-glucuronidation,BTMR0165,Bacterial UDP-glucuronosyltransferase,GUTMICRO,,CC(C)C1=C(C(=O)NC2=CC=CC=C2)C(C3=CC=CC=C3)=C(C4=CC=C(F)C=C4)N1CCC(O)CC(O)CC(=O)O,"InChI=1S/C33H35FN2O5/c1-21(2)31-30(33(41)35-25-11-7-4-8-12-25)29(22-9-5-3-6-10-22)32(23-13-15-24(34)16-14-23)36(31)18-17-26(37)19-27(38)20-28(39)40/h3-16,21,26-27,37-38H,17-20H2,1-2H3,(H,35,41)(H,39,40)",XUKUURHRXDUEBC-UHFFFAOYSA-N,,558.2530
"InChI=1S/C39H43FN2O11/c1-21(2)31-30(37(49)41-25-11-7-4-8-12-25)29(22-9-5-3-6-10-22)32(23-13-15-24(40)16-14-23)42(31)18-17-27(19-26(43)20-28(44)45)52-39-35(48)33(46)34(47)36(53-39)38(50)51/h3-16,21,26-27,33-36,39,43,46-48H,17-20H2,1-2H3,(H,41,49)(H,44,45)(H,50,51)",JTNGGWROTIAOAX-UHFFFAOYSA-N,CC(C)C1=C(C(=O)NC2=CC=CC=C2)C(C3=CC=CC=C3)=C(C4=CC=C(F)C=C4)N1CCC(OC5OC(C(O)=O)C(C(C5O)O)O)CC(O)CC(=O)O,,,C39H43FN2O11,734.285088416,3.9926000000000026,3,2,2,BTM00003,BTM00003,Alkyl-OH-glucuronidation,BTMR0165,Bacterial UDP-glucuronosyltransferase,GUTMICRO,,CC(C)C1=C(C(=O)NC2=CC=CC=C2)C(C3=CC=CC=C3)=C(C4=CC=C(F)C=C4)N1CCC(O)CC(O)CC(=O)O,"InChI=1S/C33H35FN2O5/c1-21(2)31-30(33(41)35-25-11-7-4-8-12-25)29(22-9-5-3-6-10-22)32(23-13-15-24(34)16-14-23)36(31)18-17-26(37)19-27(38)20-28(39)40/h3-16,21,26-27,37-38H,17-20H2,1-2H3,(H,35,41)(H,39,40)",XUKUURHRXDUEBC-UHFFFAOYSA-N,,558.2530
"InChI=1S/C39H43FN2O11/c1-21(2)31-30(37(49)41-25-11-7-4-8-12-25)29(22-9-5-3-6-10-22)32(23-13-15-24(40)16-14-23)42(31)18-17-26(43)19-27(44)20-28(45)52-39-35(48)33(46)34(47)36(53-39)38(50)51/h3-16,21,26-27,33-36,39,43-44,46-48H,17-20H2,1-2H3,(H,41,49)(H,50,51)",ZUTLXLYYUSGCQH-UHFFFAOYSA-N,CC(C)C1=C(C(=O)NC2=CC=CC=C2)C(C3=CC=CC=C3)=C(C4=CC=C(F)C=C4)N1CCC(O)CC(O)CC(=O)OC5OC(C(O)C(O)C5O)C(O)=O,,,C39H43FN2O11,734.2850884160001,3.835100000000003,3,2,2,BTM00004,BTM00004,O-Glucuronidation of aliphatic acid,BTMR0167,Bacterial UDP-glucuronosyltransferase,GUTMICRO,,CC(C)C1=C(C(=O)NC2=CC=CC=C2)C(C3=CC=CC=C3)=C(C4=CC=C(F)C=C4)N1CCC(O)CC(O)CC(=O)O,"InChI=1S/C33H35FN2O5/c1-21(2)31-30(33(41)35-25-11-7-4-8-12-25)29(22-9-5-3-6-10-22)32(23-13-15-24(34)16-14-23)36(31)18-17-26(37)19-27(38)20-28(39)40/h3-16,21,26-27,37-38H,17-20H2,1-2H3,(H,35,41)(H,39,40)",XUKUURHRXDUEBC-UHFFFAOYSA-N,,558.2530
"InChI=1S/C33H35FN2O8S/c1-21(2)31-30(33(40)35-25-11-7-4-8-12-25)29(22-9-5-3-6-10-22)32(23-13-15-24(34)16-14-23)36(31)18-17-26(37)19-27(20-28(38)39)44-45(41,42)43/h3-16,21,26-27,37H,17-20H2,1-2H3,(H,35,40)(H,38,39)(H,41,42,43)",ZOHGHPBWXAPWFN-UHFFFAOYSA-N,CC(C)C1=C(C(=O)NC2=CC=CC=C2)C(C3=CC=CC=C3)=C(C4=CC=C(F)C=C4)N1CCC(O)CC(OS(O)(=O)=O)CC(=O)O,,,C33H35FN2O8S,638.2098153000001,4.951299999999997,1,2,2,BTM00005,BTM00005,Sulfation of secondary alcohol,BTMR0502,SULFOTRANSFERASE,GUTMICRO,,CC(C)C1=C(C(=O)NC2=CC=CC=C2)C(C3=CC=CC=C3)=C(C4=CC=C(F)C=C4)N1CCC(O)CC(O)CC(=O)O,"InChI=1S/C33H35FN2O5/c1-21(2)31-30(33(41)35-25-11-7-4-8-12-25)29(22-9-5-3-6-10-22)32(23-13-15-24(34)16-14-23)36(31)18-17-26(37)19-27(38)20-28(39)40/h3-16,21,26-27,37-38H,17-20H2,1-2H3,(H,35,41)(H,39,40)",XUKUURHRXDUEBC-UHFFFAOYSA-N,,558.2530
"InChI=1S/C33H35FN2O8S/c1-21(2)31-30(33(40)35-25-11-7-4-8-12-25)29(22-9-5-3-6-10-22)32(23-13-15-24(34)16-14-23)36(31)18-17-27(44-45(41,42)43)19-26(37)20-28(38)39/h3-16,21,26-27,37H,17-20H2,1-2H3,(H,35,40)(H,38,39)(H,41,42,43)",HUWPVLVMKKYBRH-UHFFFAOYSA-N,CC(C)C1=C(C(=O)NC2=CC=CC=C2)C(C3=CC=CC=C3)=C(C4=CC=C(F)C=C4)N1CCC(OS(O)(=O)=O)CC(O)CC(=O)O,,,C33H35FN2O8S,638.2098153,4.951299999999997,1,2,2,BTM00006,BTM00006,Sulfation of secondary alcohol,BTMR0502,SULFOTRANSFERASE,GUTMICRO,,CC(C)C1=C(C(=O)NC2=CC=CC=C2)C(C3=CC=CC=C3)=C(C4=CC=C(F)C=C4)N1CCC(O)CC(O)CC(=O)O,"InChI=1S/C33H35FN2O5/c1-21(2)31-30(33(41)35-25-11-7-4-8-12-25)29(22-9-5-3-6-10-22)32(23-13-15-24(34)16-14-23)36(31)18-17-26(37)19-27(38)20-28(39)40/h3-16,21,26-27,37-38H,17-20H2,1-2H3,(H,35,41)(H,39,40)",XUKUURHRXDUEBC-UHFFFAOYSA-N,,558.2530
InChI,InChIKey,SMILES,Synonyms,PUBCHEM_CID,Molecular formula,Major Isotope Mass,ALogP,Lipinski_Violations,Insecticide_Likeness_Violations,Post_Em_Herbicide_Likeness_Violations,Metabolite ID,cdk:Title,Reaction,Reaction ID,Enzyme(s),Biosystem,Precursor ID,Precursor SMILES,Precursor InChI,Precursor InChIKey,Precursor ALogP,Precursor Major Isotope Mass
"InChI=1S/C21H27F13N2O10S/c1-36(2,8-9(37)38)6-3-5-35(14-12(41)10(39)11(40)13(46-14)15(42)43)47(44,45)7-4-16(22,23)17(24,25)18(26,27)19(28,29)20(30,31)21(32,33)34/h10-14,39-41H,3-8H2,1-2H3,(H-,37,38,42,43)",HCRBJQMACHFTRQ-UHFFFAOYSA-N,C(C(F)(F)C(F)(F)C(F)(F)C(F)(F)C(F)(F)C(F)(F)F)CS(=O)(=O)N(CCC[N+](CC([O-])=O)(C)C)C1OC(C(O)C(O)C1O)C(O)=O,,,C21H27F13N2O10S,746.117882924,-1.0171000000000001,2,2,2,BTM00001,BTM00001,N-Glucuronidation of sulfonamide,BTMR0170,Bacterial UDP-glucuronosyltransferase,GUTMICRO,,C(C(F)(F)C(F)(F)C(F)(F)C(F)(F)C(F)(F)C(F)(F)F)CS(=O)(=O)NCCC[N+](CC([O-])=O)(C)C,"InChI=1S/C15H19F13N2O4S/c1-30(2,8-9(31)32)6-3-5-29-35(33,34)7-4-10(16,17)11(18,19)12(20,21)13(22,23)14(24,25)15(26,27)28/h29H,3-8H2,1-2H3",OKOCIUJVPQKDLL-UHFFFAOYSA-N,,570.0857
InChI,InChIKey,SMILES,Synonyms,PUBCHEM_CID,Molecular formula,Major Isotope Mass,ALogP,Lipinski_Violations,Insecticide_Likeness_Violations,Post_Em_Herbicide_Likeness_Violations,Metabolite ID,cdk:Title,Reaction,Reaction ID,Enzyme(s),Biosystem,Precursor ID,Precursor SMILES,Precursor InChI,Precursor InChIKey,Precursor ALogP,Precursor Major Isotope Mass
"InChI=1S/C21H27F13N2O10S/c1-36(2,8-9(37)38)6-3-5-35(14-12(41)10(39)11(40)13(46-14)15(42)43)47(44,45)7-4-16(22,23)17(24,25)18(26,27)19(28,29)20(30,31)21(32,33)34/h10-14,39-41H,3-8H2,1-2H3,(H-,37,38,42,43)",HCRBJQMACHFTRQ-UHFFFAOYSA-N,C(C(F)(F)C(F)(F)C(F)(F)C(F)(F)C(F)(F)C(F)(F)F)CS(=O)(=O)N(CCC[N+](CC([O-])=O)(C)C)C1OC(C(O)C(O)C1O)C(O)=O,,,C21H27F13N2O10S,746.117882924,-1.0171000000000001,2,2,2,BTM00001,BTM00001,N-Glucuronidation of sulfonamide,BTMR0170,Bacterial UDP-glucuronosyltransferase,GUTMICRO,,C(C(F)(F)C(F)(F)C(F)(F)C(F)(F)C(F)(F)C(F)(F)F)CS(=O)(=O)NCCC[N+](CC([O-])=O)(C)C,"InChI=1S/C15H19F13N2O4S/c1-30(2,8-9(31)32)6-3-5-29-35(33,34)7-4-10(16,17)11(18,19)12(20,21)13(22,23)14(24,25)15(26,27)28/h29H,3-8H2,1-2H3",OKOCIUJVPQKDLL-UHFFFAOYSA-N,,570.0857
InChI,InChIKey,SMILES,Synonyms,PUBCHEM_CID,Molecular formula,Major Isotope Mass,ALogP,Lipinski_Violations,Insecticide_Likeness_Violations,Post_Em_Herbicide_Likeness_Violations,Metabolite ID,cdk:Title,Reaction,Reaction ID,Enzyme(s),Biosystem,Precursor ID,Precursor SMILES,Precursor InChI,Precursor InChIKey,Precursor ALogP,Precursor Major Isotope Mass
"InChI=1S/C21H27F13N2O10S/c1-36(2,8-9(37)38)6-3-5-35(14-12(41)10(39)11(40)13(46-14)15(42)43)47(44,45)7-4-16(22,23)17(24,25)18(26,27)19(28,29)20(30,31)21(32,33)34/h10-14,39-41H,3-8H2,1-2H3,(H-,37,38,42,43)",HCRBJQMACHFTRQ-UHFFFAOYSA-N,C(C(F)(F)C(F)(F)C(F)(F)C(F)(F)C(F)(F)C(F)(F)F)CS(=O)(=O)N(CCC[N+](CC([O-])=O)(C)C)C1OC(C(O)C(O)C1O)C(O)=O,,,C21H27F13N2O10S,746.117882924,-1.0171000000000001,2,2,2,BTM00001,BTM00001,N-Glucuronidation of sulfonamide,BTMR0170,Bacterial UDP-glucuronosyltransferase,GUTMICRO,,C(C(F)(F)C(F)(F)C(F)(F)C(F)(F)C(F)(F)C(F)(F)F)CS(=O)(=O)NCCC[N+](CC([O-])=O)(C)C,"InChI=1S/C15H19F13N2O4S/c1-30(2,8-9(31)32)6-3-5-29-35(33,34)7-4-10(16,17)11(18,19)12(20,21)13(22,23)14(24,25)15(26,27)28/h29H,3-8H2,1-2H3",OKOCIUJVPQKDLL-UHFFFAOYSA-N,,570.0857
